Title,Address,Price,Beds,Phone
"Upton Place
4000 Wisconsin Ave NW, Washington, DC 20016","4000 Wisconsin Ave NW, Washington, DC 20016",No Price,No Bed Info,No Phone
"Ravel & Royale on Strathmore Square
10511 Strathmore Hall St, North Bethesda, MD 20852","10511 Strathmore Hall St, North Bethesda, MD 20852",No Price,No Bed Info,No Phone
"Palazzo East Apartments
348 S Hauser Blvd, Los Angeles, CA 90036","348 S Hauser Blvd, Los Angeles, CA 90036",No Price,No Bed Info,No Phone
"Flats 8300
8300 Wisconsin Ave, Bethesda, MD 20814","8300 Wisconsin Ave, Bethesda, MD 20814",No Price,No Bed Info,No Phone
"Township Residences
901 E Phillips Ln, Centennial, CO 80122","901 E Phillips Ln, Centennial, CO 80122",No Price,No Bed Info,No Phone
"Vivo Apartments
270 Third Street, Cambridge, MA 02142","270 Third Street, Cambridge, MA 02142",No Price,No Bed Info,No Phone
"Tremont Apartments
3645 Habersham Rd NE, Atlanta, GA 30305","3645 Habersham Rd NE, Atlanta, GA 30305",No Price,No Bed Info,No Phone
"Axiom Apartments
33 Rogers Street, Cambridge, MA 02142","33 Rogers Street, Cambridge, MA 02142",No Price,No Bed Info,No Phone
"Olde Towne Residences
2301 Ostracod Ln, Raleigh, NC 27610","2301 Ostracod Ln, Raleigh, NC 27610",No Price,No Bed Info,No Phone
"Saybrook Pointe
401 Briar Ridge Drive, San Jose, CA 95123","401 Briar Ridge Drive, San Jose, CA 95123",No Price,No Bed Info,No Phone
"The Reserve at Coconut Point
22980 Vista Edera Cir, Estero, FL 33928","22980 Vista Edera Cir, Estero, FL 33928",No Price,No Bed Info,No Phone
"Mezzo Apartments
2171 Peachtree Rd NW, Atlanta, GA 30309","2171 Peachtree Rd NW, Atlanta, GA 30309",No Price,No Bed Info,No Phone
"Island Club Apartments
2300 Catalina Cir, Oceanside, CA 92056","2300 Catalina Cir, Oceanside, CA 92056",No Price,No Bed Info,No Phone
"Boulder Creek Apartments
3455 Table Mesa Dr, Boulder, CO 80305","3455 Table Mesa Dr, Boulder, CO 80305",No Price,No Bed Info,No Phone
"Palazzo West
6220 W 3rd St, Los Angeles, CA 90036","6220 W 3rd St, Los Angeles, CA 90036",No Price,No Bed Info,No Phone
"One Greenway
Hudson & Kneeland, Boston, MA 02111","Hudson & Kneeland, Boston, MA 02111",No Price,No Bed Info,No Phone
"Peachtree Park Apartments
1000 Peachtree Park Dr NE, Atlanta, GA 30309","1000 Peachtree Park Dr NE, Atlanta, GA 30309",No Price,No Bed Info,No Phone
"Bank and Boston Lofts
817 17th St, Denver, CO 80202","817 17th St, Denver, CO 80202",No Price,No Bed Info,No Phone
"The Elm
4710 Elm St, Bethesda, MD 20814","4710 Elm St, Bethesda, MD 20814",No Price,No Bed Info,No Phone
"Indian Oaks
5505 Cochran St, Simi Valley, CA 93063","5505 Cochran St, Simi Valley, CA 93063",No Price,No Bed Info,No Phone
"Lincoln Place
1050 Frederick St, Venice, CA 90291","1050 Frederick St, Venice, CA 90291",No Price,No Bed Info,No Phone
"Chestnut Hall
3900 Chestnut St, Philadelphia, PA 19104","3900 Chestnut St, Philadelphia, PA 19104",No Price,No Bed Info,No Phone
"Preserve at Marin
350 Robin Dr, Corte Madera, CA 94925","350 Robin Dr, Corte Madera, CA 94925",No Price,No Bed Info,No Phone
"Sunnybrook Residences
2421 Brightcreek Falls Trl, Raleigh, NC 27610","2421 Brightcreek Falls Trl, Raleigh, NC 27610",No Price,No Bed Info,No Phone
"1045 on The Park
1045 Piedmont Ave NE, Atlanta, GA 30309","1045 Piedmont Ave NE, Atlanta, GA 30309",No Price,No Bed Info,No Phone
"The Fremont
13021 E 21st Ave, Aurora, CO 80045","13021 E 21st Ave, Aurora, CO 80045",No Price,No Bed Info,No Phone
"The District at Flagler Village
555 NE 8th St, Fort Lauderdale, FL 33304","555 NE 8th St, Fort Lauderdale, FL 33304",No Price,No Bed Info,No Phone
"Monterey Grove
6100 Monterey Hwy, San Jose, CA 95138","6100 Monterey Hwy, San Jose, CA 95138",No Price,No Bed Info,No Phone
"Charlesbank Apartment Homes
120 Pleasant St, Watertown, MA 02472","120 Pleasant St, Watertown, MA 02472",No Price,No Bed Info,No Phone
"The Beach Club Residences
2900 Thomas Ave S, Minneapolis, MN 55416","2900 Thomas Ave S, Minneapolis, MN 55416",No Price,No Bed Info,No Phone
"Parc Mosaic Apartment Homes
1590 Eisenhower Dr, Boulder, CO 80303","1590 Eisenhower Dr, Boulder, CO 80303",No Price,No Bed Info,No Phone
"The Watermarc at Biscayne Bay
2150 N Bayshore Dr, Miami, FL 33137","2150 N Bayshore Dr, Miami, FL 33137",No Price,No Bed Info,No Phone
"Prism
50 Rogers St, Cambridge, MA 02142","50 Rogers St, Cambridge, MA 02142",No Price,No Bed Info,No Phone
"The Sterling
1815 John F Kennedy Blvd, Philadelphia, PA 19103","1815 John F Kennedy Blvd, Philadelphia, PA 19103",No Price,No Bed Info,No Phone
"One Canal Apartments
1 Canal St, Boston, MA 02114","1 Canal St, Boston, MA 02114",No Price,No Bed Info,No Phone
"Southstar Lofts
521 S Broad St, Philadelphia, PA 19147","521 S Broad St, Philadelphia, PA 19147",No Price,No Bed Info,No Phone
"Hidden Cove Apartments
910 Del Dios Hwy, Escondido, CA 92029","910 Del Dios Hwy, Escondido, CA 92029",No Price,No Bed Info,No Phone
"Huntington Gateway
5982 Richmond Hwy, Alexandria, VA 22303","5982 Richmond Hwy, Alexandria, VA 22303",No Price,No Bed Info,No Phone
"The Left Bank Apartments
3131 Walnut St, Philadelphia, PA 19104","3131 Walnut St, Philadelphia, PA 19104",No Price,No Bed Info,No Phone
"Villas at Park La Brea
5555 W 6th St, Los Angeles, CA 90036","5555 W 6th St, Los Angeles, CA 90036",No Price,No Bed Info,No Phone
"Bay Parc Apartment Homes
1756 N Bayshore Dr, Miami, FL 33132","1756 N Bayshore Dr, Miami, FL 33132",No Price,No Bed Info,No Phone
"Malibu Canyon
5758 Las Virgenes Rd, Calabasas, CA 91302","5758 Las Virgenes Rd, Calabasas, CA 91302",No Price,No Bed Info,No Phone
"Yorktown Apartment Homes
2233 S Highland Ave, Lombard, IL 60148","2233 S Highland Ave, Lombard, IL 60148",No Price,No Bed Info,No Phone
,No Address,No Price,No Bed Info,No Phone
,No Address,No Price,No Bed Info,No Phone
,No Address,No Price,No Bed Info,No Phone
,No Address,No Price,No Bed Info,No Phone
,No Address,No Price,No Bed Info,No Phone
,No Address,No Price,No Bed Info,No Phone
,No Address,No Price,No Bed Info,No Phone
,No Address,No Price,No Bed Info,No Phone
,No Address,No Price,No Bed Info,No Phone
,No Address,No Price,No Bed Info,No Phone
,No Address,No Price,No Bed Info,No Phone
,No Address,No Price,No Bed Info,No Phone
,No Address,No Price,No Bed Info,No Phone
,No Address,No Price,No Bed Info,No Phone
,No Address,No Price,No Bed Info,No Phone
,No Address,No Price,No Bed Info,No Phone
,No Address,No Price,No Bed Info,No Phone
,No Address,No Price,No Bed Info,No Phone
,No Address,No Price,No Bed Info,No Phone
,No Address,No Price,No Bed Info,No Phone
,No Address,No Price,No Bed Info,No Phone
,No Address,No Price,No Bed Info,No Phone
,No Address,No Price,No Bed Info,No Phone
,No Address,No Price,No Bed Info,No Phone
