Title,Address,Price,Beds,Phone
"Allora Bear Creek
11918 Clay Rd, Houston, TX 77043","11918 Clay Rd, Houston, TX 77043",No Price,No Bed Info,No Phone
"NOVU New Forest
6301 Pale Sage Dr, Houston, TX 77049","6301 Pale Sage Dr, Houston, TX 77049",No Price,No Bed Info,No Phone
"Park at Siena
6901 County Road 110, Round Rock, TX 78665","6901 County Road 110, Round Rock, TX 78665",No Price,No Bed Info,No Phone
"FalconView
10691 Cadence Pt, Colorado Springs, CO 80921","10691 Cadence Pt, Colorado Springs, CO 80921",No Price,No Bed Info,No Phone
"Haven at Main
8700 Main St, Houston, TX 77025","8700 Main St, Houston, TX 77025",No Price,No Bed Info,No Phone
"Thrive Almeda Genoa
10100 Almeda Genoa Rd, Houston, TX 77075","10100 Almeda Genoa Rd, Houston, TX 77075",No Price,No Bed Info,No Phone
"Lively at Cypress Creek
13030 Perry Rd, Houston, TX 77070","13030 Perry Rd, Houston, TX 77070",No Price,No Bed Info,No Phone
"11 Eleven
1111 Blalock Rd, Houston, TX 77055","1111 Blalock Rd, Houston, TX 77055",No Price,No Bed Info,No Phone
"Park at Crystal Falls
7740 183A Toll Rd, Leander, TX 78641","7740 183A Toll Rd, Leander, TX 78641",No Price,No Bed Info,No Phone
"Territory at 2920
3880 FM 2920 Rd, Spring, TX 77388","3880 FM 2920 Rd, Spring, TX 77388",No Price,No Bed Info,No Phone
"Territory Williams Way
5131 Williams Way Blvd, Richmond, TX 77469","5131 Williams Way Blvd, Richmond, TX 77469",No Price,No Bed Info,No Phone
"Territory at Anserra
4000 Anserra Trl, Katy, TX 77494","4000 Anserra Trl, Katy, TX 77494",No Price,No Bed Info,No Phone
"The Sophie
108 Oak Creek Way, New Braunfels, TX 78130","108 Oak Creek Way, New Braunfels, TX 78130",No Price,No Bed Info,No Phone
"The Collective Glendale
1250 S Clermont St, Denver, CO 80246","1250 S Clermont St, Denver, CO 80246",No Price,No Bed Info,No Phone
"200 Carondelet
200 Carondelet St, New Orleans, LA 70130","200 Carondelet St, New Orleans, LA 70130",No Price,No Bed Info,No Phone
"Allora Klein Crossing
19025 Stuebner Airline Rd, Spring, TX 77379","19025 Stuebner Airline Rd, Spring, TX 77379",No Price,No Bed Info,No Phone
"Smart Living Allen Genoa
1514 Allen Genoa Rd, Houston, TX 77017","1514 Allen Genoa Rd, Houston, TX 77017",No Price,No Bed Info,No Phone
"Smart Living at Telephone
3852 Telephone Rd, Houston, TX 77023","3852 Telephone Rd, Houston, TX 77023",No Price,No Bed Info,No Phone
"Park on Napoli
13802 Napoli Dr, Houston, TX 77070","13802 Napoli Dr, Houston, TX 77070",No Price,No Bed Info,No Phone
"Hollow Tree Park
101 Hollow Tree Ln, Houston, TX 77090","101 Hollow Tree Ln, Houston, TX 77090",No Price,No Bed Info,No Phone
"Virtuo Spring
4114 Farm to Market 2920, Spring, TX 77388","4114 Farm to Market 2920, Spring, TX 77388",No Price,No Bed Info,No Phone
"Memorial at Six
816 Addicks-Howell Rd, Houston, TX 77079","816 Addicks-Howell Rd, Houston, TX 77079",No Price,No Bed Info,No Phone
"City View Lofts
15 Chenevert St, Houston, TX 77002","15 Chenevert St, Houston, TX 77002",No Price,No Bed Info,No Phone
"Retreat at Riverstone
18545 University Blvd, Sugar Land, TX 77479","18545 University Blvd, Sugar Land, TX 77479",No Price,No Bed Info,No Phone
"1300 North Post Oak
1300 N Post Oak Rd, Houston, TX 77055","1300 N Post Oak Rd, Houston, TX 77055",No Price,No Bed Info,No Phone
"North Post Oak Lofts
1255 N Post Oak Rd, Houston, TX 77055","1255 N Post Oak Rd, Houston, TX 77055",No Price,No Bed Info,No Phone
"The Pointe at East River Place
881 E River Pl, Jackson, MS 39202","881 E River Pl, Jackson, MS 39202",No Price,No Bed Info,No Phone
"Lodge At Merrilltown Apartments
14745 Merrilltown, Austin, TX 78728","14745 Merrilltown, Austin, TX 78728",No Price,No Bed Info,No Phone
"Saddle Ridge
5711 N Knoll, San Antonio, TX 78240","5711 N Knoll, San Antonio, TX 78240",No Price,No Bed Info,No Phone
"Waterside Village
1901 Waterside Village Dr, Richmond, TX 77407","1901 Waterside Village Dr, Richmond, TX 77407",No Price,No Bed Info,No Phone
"Stone Brook Seniors Active Adult Living
300 Stagecoach Trl, San Marcos, TX 78666","300 Stagecoach Trl, San Marcos, TX 78666",No Price,No Bed Info,No Phone
"Smart Living at Garden Oaks
450 E Rogers St, Houston, TX 77022","450 E Rogers St, Houston, TX 77022",No Price,No Bed Info,No Phone
"Trove Southtown
301 E Cevallos, San Antonio, TX 78204","301 E Cevallos, San Antonio, TX 78204",No Price,No Bed Info,No Phone
"SILVERTON VILLAGE
3700 Fm-85, Ennis, TX 75119","3700 Fm-85, Ennis, TX 75119",No Price,No Bed Info,No Phone
"Harbor Shores
15650 Walden Rd, Montgomery, TX 77356","15650 Walden Rd, Montgomery, TX 77356",No Price,No Bed Info,No Phone
"Eagles Landing
8000 Decker Ln, Austin, TX 78724","8000 Decker Ln, Austin, TX 78724",No Price,No Bed Info,No Phone
"Retreat at Texas City
7500 Emmett F Lowry Expy, Texas City, TX 77591","7500 Emmett F Lowry Expy, Texas City, TX 77591",No Price,No Bed Info,No Phone
"Tuscany at Goldmark Senior Living - 62+ Only
13731 Goldmark Dr, Dallas, TX 75240","13731 Goldmark Dr, Dallas, TX 75240",No Price,No Bed Info,No Phone
"Waterford at Goldmark - New
13695 Goldmark Dr, Dallas, TX 75240","13695 Goldmark Dr, Dallas, TX 75240",No Price,No Bed Info,No Phone
"Bent Tree Townhomes
1721 S Interstate Highway 35 E, Waxahachie, TX 75165","1721 S Interstate Highway 35 E, Waxahachie, TX 75165",No Price,No Bed Info,No Phone
"White Rock Apartment Homes
3110 Thousand Oaks Dr, San Antonio, TX 78247","3110 Thousand Oaks Dr, San Antonio, TX 78247",No Price,No Bed Info,No Phone
"Oak Timbers Fort Worth South Apartments
308 E Terrell Ave, Fort Worth, TX 76104","308 E Terrell Ave, Fort Worth, TX 76104",No Price,No Bed Info,No Phone
"Southpark Village
1817 S Colorado St, Lockhart, TX 78644","1817 S Colorado St, Lockhart, TX 78644",No Price,No Bed Info,No Phone
"The Arboretum
8100 Huebner Rd, San Antonio, TX 78240","8100 Huebner Rd, San Antonio, TX 78240",No Price,No Bed Info,No Phone
"Los Prados Apartment Homes
125 Dyna Dr, Houston, TX 77060","125 Dyna Dr, Houston, TX 77060",No Price,No Bed Info,No Phone
"Sutter Ranch Apartments
10445 Greens Crossing Blvd, Houston, TX 77038","10445 Greens Crossing Blvd, Houston, TX 77038",No Price,No Bed Info,No Phone
"FPAR Forest Park
6936 Highway 70 S, Nashville, TN 37221","6936 Highway 70 S, Nashville, TN 37221",No Price,No Bed Info,No Phone
"Tuscany at Wilson Creek
451 Wilson Creek Blvd, McKinney, TX 75069","451 Wilson Creek Blvd, McKinney, TX 75069",No Price,No Bed Info,No Phone
"Tealwood Place
5300 Professional Dr, Wichita Falls, TX 76302","5300 Professional Dr, Wichita Falls, TX 76302",No Price,No Bed Info,No Phone
"Wildwood Branch - NEW
6225 Shady Oaks Manor Dr, Fort Worth, TX 76135","6225 Shady Oaks Manor Dr, Fort Worth, TX 76135",No Price,No Bed Info,No Phone
"Oak Timbers North Greenbriar
5201 James Ave, Fort Worth, TX 76115","5201 James Ave, Fort Worth, TX 76115",No Price,No Bed Info,No Phone
"The Meridian
4450 Marine Creek Pky, Fort Worth, TX 76106","4450 Marine Creek Pky, Fort Worth, TX 76106",No Price,No Bed Info,No Phone
"Heritage Estates
10335 Old Bammel/N Houston Rd, Houston, TX 77086","10335 Old Bammel/N Houston Rd, Houston, TX 77086",No Price,No Bed Info,No Phone
"Woodglen Park I & II
6800-6850 S Cockrell Hill Rd, Dallas, TX 75236","6800-6850 S Cockrell Hill Rd, Dallas, TX 75236",No Price,No Bed Info,No Phone
"Saddlewood Club
3625 Wellborn Rd, Bryan, TX 77801","3625 Wellborn Rd, Bryan, TX 77801",No Price,No Bed Info,No Phone
"Homes of Parker Commons
1015 S Jennings Ave, Fort Worth, TX 76104","1015 S Jennings Ave, Fort Worth, TX 76104",No Price,No Bed Info,No Phone
"Mayfield Park Apartments
2104 Worth St, Arlington, TX 76014","2104 Worth St, Arlington, TX 76014",No Price,No Bed Info,No Phone
"Legacy Senior Housing
3225 Lake Arthur Dr, Port Arthur, TX 77642","3225 Lake Arthur Dr, Port Arthur, TX 77642",No Price,No Bed Info,No Phone
"Ridgewood West
2830 Lake Rd, Huntsville, TX 77340","2830 Lake Rd, Huntsville, TX 77340",No Price,No Bed Info,No Phone
"Bellfort Pines Apartments
8300 Canyon St, Houston, TX 77051","8300 Canyon St, Houston, TX 77051",No Price,No Bed Info,No Phone
"Heritage Pointe
1950 Webberville Rd, Austin, TX 78721","1950 Webberville Rd, Austin, TX 78721",No Price,No Bed Info,No Phone
"Village at Collinwood
1001 Collinwood West Dr, Austin, TX 78753","1001 Collinwood West Dr, Austin, TX 78753",No Price,No Bed Info,No Phone
"West Virginia
8004 W Virginia Dr, Dallas, TX 75237","8004 W Virginia Dr, Dallas, TX 75237",No Price,No Bed Info,No Phone
"Village at Fox Creek
2900 Illinois Ave, Killeen, TX 76543","2900 Illinois Ave, Killeen, TX 76543",No Price,No Bed Info,No Phone
,No Address,No Price,No Bed Info,No Phone
,No Address,No Price,No Bed Info,No Phone
,No Address,No Price,No Bed Info,No Phone
,No Address,No Price,No Bed Info,No Phone
,No Address,No Price,No Bed Info,No Phone
,No Address,No Price,No Bed Info,No Phone
,No Address,No Price,No Bed Info,No Phone
,No Address,No Price,No Bed Info,No Phone
,No Address,No Price,No Bed Info,No Phone
