Title,Address,Price,Beds,Phone
"The Lofts at Highlands
1685 Cowles Ave, Longmont, CO 80504","1685 Cowles Ave, Longmont, CO 80504",No Price,No Bed Info,No Phone
"Bell Alpharetta
32000 Gardner Dr, Alpharetta, GA 30009","32000 Gardner Dr, Alpharetta, GA 30009",No Price,No Bed Info,No Phone
"The Sutton
2145 Robin Lark Dr, Winston-Salem, NC 27106","2145 Robin Lark Dr, Winston-Salem, NC 27106",No Price,No Bed Info,No Phone
"20th Street Station Apartments
2080 California St, Denver, CO 80205","2080 California St, Denver, CO 80205",No Price,No Bed Info,No Phone
"Bell Austin Southwest
3621 W Slaughter Ln, Austin, TX 78749","3621 W Slaughter Ln, Austin, TX 78749",No Price,No Bed Info,No Phone
"Fivetwo at Highland
110 Jacob Fontaine Lane, Austin, TX 78752","110 Jacob Fontaine Lane, Austin, TX 78752",No Price,No Bed Info,No Phone
"Elan
13145 N Highway 183, Austin, TX 78750","13145 N Highway 183, Austin, TX 78750",No Price,No Bed Info,No Phone
"Bell Southpark
10500 S IH 35 Frontage Rd, Austin, TX 78748","10500 S IH 35 Frontage Rd, Austin, TX 78748",No Price,No Bed Info,No Phone
"900 Willow
900 Willow Dr, Chapel Hill, NC 27514","900 Willow Dr, Chapel Hill, NC 27514",No Price,No Bed Info,No Phone
"Legacy North
5765 Bozeman Dr, Plano, TX 75024","5765 Bozeman Dr, Plano, TX 75024",No Price,No Bed Info,No Phone
"Riata
12300 Riata Trace Pky, Austin, TX 78727","12300 Riata Trace Pky, Austin, TX 78727",No Price,No Bed Info,No Phone
"Wesley Village
2715 Wet Stone Way, Charlotte, NC 28208","2715 Wet Stone Way, Charlotte, NC 28208",No Price,No Bed Info,No Phone
"Elevate Haw River
2310 Vantage Point, Graham, NC 27253","2310 Vantage Point, Graham, NC 27253",No Price,No Bed Info,No Phone
"Matthews Reserve
1315 Cameron Matthews Dr, Matthews, NC 28105","1315 Cameron Matthews Dr, Matthews, NC 28105",No Price,No Bed Info,No Phone
"Hudson at Georgia's Landing
101 Decatur Dr, Raleigh, NC 27603","101 Decatur Dr, Raleigh, NC 27603",No Price,No Bed Info,No Phone
"Pines at Wake Forest
610 Sugar Pine Way, Wake Forest, NC 27587","610 Sugar Pine Way, Wake Forest, NC 27587",No Price,No Bed Info,No Phone
"The Magwood
2850-2890 Kalmia Ave, Boulder, CO 80301","2850-2890 Kalmia Ave, Boulder, CO 80301",No Price,No Bed Info,No Phone
"The Villages at McCullers Walk
500 Shady Summit Way, Raleigh, NC 27603","500 Shady Summit Way, Raleigh, NC 27603",No Price,No Bed Info,No Phone
"Townes at Blake Farm
21 DuPont St, Wilmington, NC 28411","21 DuPont St, Wilmington, NC 28411",No Price,No Bed Info,No Phone
"Bell Lansbrook Village
3751 Pine Ridge Blvd, Palm Harbor, FL 34685","3751 Pine Ridge Blvd, Palm Harbor, FL 34685",No Price,No Bed Info,No Phone
"The BLVD
5353 Las Colinas Blvd, Irving, TX 75039","5353 Las Colinas Blvd, Irving, TX 75039",No Price,No Bed Info,No Phone
"Montclair Terrace
4835 SW Oleson Rd, Portland, OR 97225","4835 SW Oleson Rd, Portland, OR 97225",No Price,No Bed Info,No Phone
"South City Apartments
50 Cheryl Ln, Summerville, SC 29483","50 Cheryl Ln, Summerville, SC 29483",No Price,No Bed Info,No Phone
"Solaire
5380 Desoto Rd, Sarasota, FL 34235","5380 Desoto Rd, Sarasota, FL 34235",No Price,No Bed Info,No Phone
"Bell Timacuan
715 Camarague Pl, Lake Mary, FL 32746","715 Camarague Pl, Lake Mary, FL 32746",No Price,No Bed Info,No Phone
"Russell at Reston Station
11500 Commerce Park Dr, Reston, VA 20191","11500 Commerce Park Dr, Reston, VA 20191",No Price,No Bed Info,No Phone
"Botanic at Ingleside
3000 Cypress Lake Rd, North Charleston, SC 29420","3000 Cypress Lake Rd, North Charleston, SC 29420",No Price,No Bed Info,No Phone
"Reserve at Blake Farm
127 Edison Ave, Wilmington, NC 28411","127 Edison Ave, Wilmington, NC 28411",No Price,No Bed Info,No Phone
"Solace at the Ranch
8073 Chardonnay Grv, Colorado Springs, CO 80927","8073 Chardonnay Grv, Colorado Springs, CO 80927",No Price,No Bed Info,No Phone
"Bell Kennesaw Mountain
2504 Trees of Kennesaw Pkwy, Kennesaw, GA 30152","2504 Trees of Kennesaw Pkwy, Kennesaw, GA 30152",No Price,No Bed Info,No Phone
"Pine + Parker
9554 Twenty Mile Rd, Parker, CO 80134","9554 Twenty Mile Rd, Parker, CO 80134",No Price,No Bed Info,No Phone
"Parkstone at Indian Land
2272 Parkstone Dr, Indian Land, SC 29707","2272 Parkstone Dr, Indian Land, SC 29707",No Price,No Bed Info,No Phone
"Fountains at Mooresville Town Square
170 Mooresville Commons Way, Mooresville, NC 28117","170 Mooresville Commons Way, Mooresville, NC 28117",No Price,No Bed Info,No Phone
"West Village
9760 Pepper Tree Ter, Wildwood, FL 34785","9760 Pepper Tree Ter, Wildwood, FL 34785",No Price,No Bed Info,No Phone
"Bluebird on Seventy
1700 Connery Ct, Garner, NC 27529","1700 Connery Ct, Garner, NC 27529",No Price,No Bed Info,No Phone
"Promenade Terrace
451 Wellesley Dr, Corona, CA 92879","451 Wellesley Dr, Corona, CA 92879",No Price,No Bed Info,No Phone
"616 at the Village
616 Oberlin Rd, Raleigh, NC 27605","616 Oberlin Rd, Raleigh, NC 27605",No Price,No Bed Info,No Phone
"Lemmond Farm
12009 Lemmond Farm Dr, Charlotte, NC 28227","12009 Lemmond Farm Dr, Charlotte, NC 28227",No Price,No Bed Info,No Phone
"Bell Mooresville West
104 Waypointe Cir, Mooresville, NC 28117","104 Waypointe Cir, Mooresville, NC 28117",No Price,No Bed Info,No Phone
"GeerHouse
620 Foster St, Durham, NC 27701","620 Foster St, Durham, NC 27701",No Price,No Bed Info,No Phone
"Comet Scotts Hill
9102 Redfish Run, Wilmington, NC 28411","9102 Redfish Run, Wilmington, NC 28411",No Price,No Bed Info,No Phone
"Bell Brookfield
815 E Butler Rd, Greenville, SC 29607","815 E Butler Rd, Greenville, SC 29607",No Price,No Bed Info,No Phone
"Villages at Pecan Grove
4000 Penuche Way, Holly Springs, NC 27540","4000 Penuche Way, Holly Springs, NC 27540",No Price,No Bed Info,No Phone
"Montair at Somerset Hill
1704 Barnes Blvd SW, Tumwater, WA 98512","1704 Barnes Blvd SW, Tumwater, WA 98512",No Price,No Bed Info,No Phone
"Mercer 1900
1900 Knightsbridge Rd, Farmers Branch, TX 75234","1900 Knightsbridge Rd, Farmers Branch, TX 75234",No Price,No Bed Info,No Phone
"Symphony at Suwanee Creek
1630 Peachtree Industrial Blvd, Suwanee, GA 30024","1630 Peachtree Industrial Blvd, Suwanee, GA 30024",No Price,No Bed Info,No Phone
"The Hartley at Blue Hill
625 S Elliott Rd, Chapel Hill, NC 27517","625 S Elliott Rd, Chapel Hill, NC 27517",No Price,No Bed Info,No Phone
"Bell Chapel Hill
1300 Fordham Blvd, Chapel Hill, NC 27514","1300 Fordham Blvd, Chapel Hill, NC 27514",No Price,No Bed Info,No Phone
"Azure Carnes Crossroads
900 Conway Cir, Summerville, SC 29486","900 Conway Cir, Summerville, SC 29486",No Price,No Bed Info,No Phone
"Halpine View
13013 Crookston Ln, Rockville, MD 20851","13013 Crookston Ln, Rockville, MD 20851",No Price,No Bed Info,No Phone
"Mayfaire Flats
1813 Sir Tyler Dr, Wilmington, NC 28405","1813 Sir Tyler Dr, Wilmington, NC 28405",No Price,No Bed Info,No Phone
"Juno Winter Park
1305 Morgan Stanley Ave, Winter Park, FL 32789","1305 Morgan Stanley Ave, Winter Park, FL 32789",No Price,No Bed Info,No Phone
"Vintage Durham
3007 Petty Rd, Durham, NC 27707","3007 Petty Rd, Durham, NC 27707",No Price,No Bed Info,No Phone
"The Palms at Davie
11000 Cameron Ct, Davie, FL 33324","11000 Cameron Ct, Davie, FL 33324",No Price,No Bed Info,No Phone
"Bell Lake Forest
101 Integra Village Trl, Sanford, FL 32771","101 Integra Village Trl, Sanford, FL 32771",No Price,No Bed Info,No Phone
"Sawmill Point
1015 Nutt St, Wilmington, NC 28401","1015 Nutt St, Wilmington, NC 28401",No Price,No Bed Info,No Phone
"Bell Kendall West
8485 Hammocks Blvd, Miami, FL 33196","8485 Hammocks Blvd, Miami, FL 33196",No Price,No Bed Info,No Phone
"The Brodie
8700 Brodie Ln, Austin, TX 78745","8700 Brodie Ln, Austin, TX 78745",No Price,No Bed Info,No Phone
"Bell Lighthouse Point
4611 N Federal Hwy, Pompano Beach, FL 33064","4611 N Federal Hwy, Pompano Beach, FL 33064",No Price,No Bed Info,No Phone
"Comet Greensboro
5204 Easter Ln, Greensboro, NC 27409","5204 Easter Ln, Greensboro, NC 27409",No Price,No Bed Info,No Phone
"Bell South Lamar
2717 S Lamar Blvd, Austin, TX 78704","2717 S Lamar Blvd, Austin, TX 78704",No Price,No Bed Info,No Phone
"Addison Point
6227 Nile Pl, Greensboro, NC 27409","6227 Nile Pl, Greensboro, NC 27409",No Price,No Bed Info,No Phone
"Bell CityLine I
1230 E CityLine Dr, Richardson, TX 75082","1230 E CityLine Dr, Richardson, TX 75082",No Price,No Bed Info,No Phone
"Vantage at Spring Creek
2810 Routh Creek Pky, Richardson, TX 75082","2810 Routh Creek Pky, Richardson, TX 75082",No Price,No Bed Info,No Phone
"The Haven
18400 E Elmendorf Dr, Denver, CO 80249","18400 E Elmendorf Dr, Denver, CO 80249",No Price,No Bed Info,No Phone
"Hudson Renaissance
1027 Ashes Dr, Wilmington, NC 28405","1027 Ashes Dr, Wilmington, NC 28405",No Price,No Bed Info,No Phone
"Haven 124 at Eastlake Station
12255 Claude Ct, Northglenn, CO 80241","12255 Claude Ct, Northglenn, CO 80241",No Price,No Bed Info,No Phone
"Bell at Teravista
1700 University Blvd, Round Rock, TX 78665","1700 University Blvd, Round Rock, TX 78665",No Price,No Bed Info,No Phone
"Timucuan Lakeside at Town Center
10135 Gate Pky N, Jacksonville, FL 32246","10135 Gate Pky N, Jacksonville, FL 32246",No Price,No Bed Info,No Phone
"Bell Shady Grove
15250 Siesta Key Way, Rockville, MD 20850","15250 Siesta Key Way, Rockville, MD 20850",No Price,No Bed Info,No Phone
"Villages at Raleigh Beach
2015 Wave Crest Dr, Raleigh, NC 27610","2015 Wave Crest Dr, Raleigh, NC 27610",No Price,No Bed Info,No Phone
"Jamison at Brier Creek
9920 Jamison Valley Dr, Raleigh, NC 27617","9920 Jamison Valley Dr, Raleigh, NC 27617",No Price,No Bed Info,No Phone
"Bell Warner Center
21050 Kittridge St, Canoga Park, CA 91303","21050 Kittridge St, Canoga Park, CA 91303",No Price,No Bed Info,No Phone
"Bell Lancaster
2901 Bledsoe St, Fort Worth, TX 76107","2901 Bledsoe St, Fort Worth, TX 76107",No Price,No Bed Info,No Phone
"The Metropolitan
314 W Jones St, Raleigh, NC 27603","314 W Jones St, Raleigh, NC 27603",No Price,No Bed Info,No Phone
"Bell at Plantation
6901 W Sunrise Blvd, Plantation, FL 33313","6901 W Sunrise Blvd, Plantation, FL 33313",No Price,No Bed Info,No Phone
"CERU
5205 Congress, Boca Raton, FL 33487","5205 Congress, Boca Raton, FL 33487",No Price,No Bed Info,No Phone
"The Roosevelt Arlington Commons
425 E Lamar Blvd, Arlington, TX 76011","425 E Lamar Blvd, Arlington, TX 76011",No Price,No Bed Info,No Phone
"Bell Presidio
2322 Presidio Vista Dr, Fort Worth, TX 76177","2322 Presidio Vista Dr, Fort Worth, TX 76177",No Price,No Bed Info,No Phone
"Citigate Apartments
8451 Gate Pky W, Jacksonville, FL 32216","8451 Gate Pky W, Jacksonville, FL 32216",No Price,No Bed Info,No Phone
"Bell Terminus
20 Terminus Pl, Atlanta, GA 30305","20 Terminus Pl, Atlanta, GA 30305",No Price,No Bed Info,No Phone
"Satori Town Center
10640 Satori Ln, Jacksonville, FL 32256","10640 Satori Ln, Jacksonville, FL 32256",No Price,No Bed Info,No Phone
"Bell Channelside
1120 E Twiggs St, Tampa, FL 33602","1120 E Twiggs St, Tampa, FL 33602",No Price,No Bed Info,No Phone
"Highlands at Sweetwater Creek
2789 Satellite Blvd, Duluth, GA 30096","2789 Satellite Blvd, Duluth, GA 30096",No Price,No Bed Info,No Phone
"Amira at Westly
6105 Paddock Glen Dr, Tampa, FL 33634","6105 Paddock Glen Dr, Tampa, FL 33634",No Price,No Bed Info,No Phone
"Inkwell Watters Creek
1175 Montgomery Blvd, Allen, TX 75013","1175 Montgomery Blvd, Allen, TX 75013",No Price,No Bed Info,No Phone
"West Village
605 W Main St, Durham, NC 27701","605 W Main St, Durham, NC 27701",No Price,No Bed Info,No Phone
"Bell Olmsted Park
161 S Huntington Ave, Boston, MA 02130","161 S Huntington Ave, Boston, MA 02130",No Price,No Bed Info,No Phone
"Arapahoe Square Apartments
550 Park Ave W, Denver, CO 80205","550 Park Ave W, Denver, CO 80205",No Price,No Bed Info,No Phone
"Bell Sunrise
1020 NE 12th Ave, Fort Lauderdale, FL 33304","1020 NE 12th Ave, Fort Lauderdale, FL 33304",No Price,No Bed Info,No Phone
"District West
1100 N John Young Pky, Orlando, FL 32808","1100 N John Young Pky, Orlando, FL 32808",No Price,No Bed Info,No Phone
"Bell Denver Tech Center
4380 S Monaco St, Denver, CO 80237","4380 S Monaco St, Denver, CO 80237",No Price,No Bed Info,No Phone
"Hills at Fair Oaks
8700 Starr Rnch, Boerne, TX 78015","8700 Starr Rnch, Boerne, TX 78015",No Price,No Bed Info,No Phone
"Bell Uptown Charlotte
355 W Martin Luther King Blvd, Charlotte, NC 28202","355 W Martin Luther King Blvd, Charlotte, NC 28202",No Price,No Bed Info,No Phone
"The Ramsey
510 E Pettigrew St, Durham, NC 27701","510 E Pettigrew St, Durham, NC 27701",No Price,No Bed Info,No Phone
"Reserve at Spring Creek
2710 Routh Creek Pky, Richardson, TX 75082","2710 Routh Creek Pky, Richardson, TX 75082",No Price,No Bed Info,No Phone
"Bell Buckhead West
3201 Downwood Cir, Atlanta, GA 30327","3201 Downwood Cir, Atlanta, GA 30327",No Price,No Bed Info,No Phone
"Emerson at Montford Park
1520 Mockingbird Ln, Charlotte, NC 28209","1520 Mockingbird Ln, Charlotte, NC 28209",No Price,No Bed Info,No Phone
"Bell Preston Reserve
200 Berwick Valley Ln, Cary, NC 27513","200 Berwick Valley Ln, Cary, NC 27513",No Price,No Bed Info,No Phone
"The Hudson
464 S Kirkman Rd, Orlando, FL 32811","464 S Kirkman Rd, Orlando, FL 32811",No Price,No Bed Info,No Phone
"Vintage Raleigh West
951 Corporate Center Dr, Raleigh, NC 27607","951 Corporate Center Dr, Raleigh, NC 27607",No Price,No Bed Info,No Phone
"75 West
7927 Forest Ln, Dallas, TX 75230","7927 Forest Ln, Dallas, TX 75230",No Price,No Bed Info,No Phone
"Terrawood
3225 N Grapevine Blvd, Grapevine, TX 76051","3225 N Grapevine Blvd, Grapevine, TX 76051",No Price,No Bed Info,No Phone
"Creekside at Crabtree
4700 Riverwood Cir, Raleigh, NC 27612","4700 Riverwood Cir, Raleigh, NC 27612",No Price,No Bed Info,No Phone
"Bell Old Town
750 Thornton Way, Alexandria, VA 22314","750 Thornton Way, Alexandria, VA 22314",No Price,No Bed Info,No Phone
"Eastside Station
1700 E 4th St, Austin, TX 78702","1700 E 4th St, Austin, TX 78702",No Price,No Bed Info,No Phone
"The Perch
718 Gesco St, Charlotte, NC 28208","718 Gesco St, Charlotte, NC 28208",No Price,No Bed Info,No Phone
"Park and Market
141 Park at North Hills St, Raleigh, NC 27609","141 Park at North Hills St, Raleigh, NC 27609",No Price,No Bed Info,No Phone
"Windsor Falls
1500 Sunbow Falls Ln, Raleigh, NC 27609","1500 Sunbow Falls Ln, Raleigh, NC 27609",No Price,No Bed Info,No Phone
"Bell Katy Trail
3033 Routh St, Dallas, TX 75201","3033 Routh St, Dallas, TX 75201",No Price,No Bed Info,No Phone
"Hudson 5401
7760 Midtown Market Ave, Raleigh, NC 27616","7760 Midtown Market Ave, Raleigh, NC 27616",No Price,No Bed Info,No Phone
"Arabelle Perimeter
1110 Hammond Dr NE, Atlanta, GA 30328","1110 Hammond Dr NE, Atlanta, GA 30328",No Price,No Bed Info,No Phone
"Everly
421 W Tremont Ave, Charlotte, NC 28203","421 W Tremont Ave, Charlotte, NC 28203",No Price,No Bed Info,No Phone
"The Park at Steele Creek
13211-13421 Crescent Springs Dr, Charlotte, NC 28273","13211-13421 Crescent Springs Dr, Charlotte, NC 28273",No Price,No Bed Info,No Phone
"Bell Knox District
3030 Hester Ave, Dallas, TX 75205","3030 Hester Ave, Dallas, TX 75205",No Price,No Bed Info,No Phone
"Revel Apartments
1005 1st St NE, Washington, DC 20002","1005 1st St NE, Washington, DC 20002",No Price,No Bed Info,No Phone
"Beacon Hill
1322-1825 Beacon Ridge Rd, Charlotte, NC 28210","1322-1825 Beacon Ridge Rd, Charlotte, NC 28210",No Price,No Bed Info,No Phone
"West Mockingbird
2223 Hawes Ave, Dallas, TX 75235","2223 Hawes Ave, Dallas, TX 75235",No Price,No Bed Info,No Phone
"West Love
2293 Hawes Ave, Dallas, TX 75235","2293 Hawes Ave, Dallas, TX 75235",No Price,No Bed Info,No Phone
"The Irby
65 Irby Ave, Atlanta, GA 30305","65 Irby Ave, Atlanta, GA 30305",No Price,No Bed Info,No Phone
"Prominence
3699 Lenox Rd NE, Atlanta, GA 30305","3699 Lenox Rd NE, Atlanta, GA 30305",No Price,No Bed Info,No Phone
"Brea Wendell Falls
5809 Taylor Rd, Wendell, NC 27591","5809 Taylor Rd, Wendell, NC 27591",No Price,No Bed Info,No Phone
"Bell Jones Franklin
930 Vintage Jones Way, Raleigh, NC 27606","930 Vintage Jones Way, Raleigh, NC 27606",No Price,No Bed Info,No Phone
"Revel Greensboro
713 Adelynn Ln, Greensboro, NC 27409","713 Adelynn Ln, Greensboro, NC 27409",No Price,No Bed Info,No Phone
"Comet Sneads Ferry
1004 Diamondback Dr, Sneads Ferry, NC 28460","1004 Diamondback Dr, Sneads Ferry, NC 28460",No Price,No Bed Info,No Phone
"Bell Frisco Market Center
4800 Printers Way, Frisco, TX 75033","4800 Printers Way, Frisco, TX 75033",No Price,No Bed Info,No Phone
"Bell Gateway Village
380 Vista Court Dr, Plano, TX 75074","380 Vista Court Dr, Plano, TX 75074",No Price,No Bed Info,No Phone
"Cue Galatyn Station
2305 Plaza Blvd, Richardson, TX 75082","2305 Plaza Blvd, Richardson, TX 75082",No Price,No Bed Info,No Phone
"Cue Luxury Living
13504 Citicards Way, Jacksonville, FL 32258","13504 Citicards Way, Jacksonville, FL 32258",No Price,No Bed Info,No Phone
"The Charleigh
441 Meeting St, Charleston, SC 29403","441 Meeting St, Charleston, SC 29403",No Price,No Bed Info,No Phone
"Bell Starwood
6595 Lebanon Rd, Frisco, TX 75034","6595 Lebanon Rd, Frisco, TX 75034",No Price,No Bed Info,No Phone
"Adara Alexander Place
7610 Aura Loop, Raleigh, NC 27617","7610 Aura Loop, Raleigh, NC 27617",No Price,No Bed Info,No Phone
"Bell Morningside
1295 E Rock Springs Rd, Atlanta, GA 30306","1295 E Rock Springs Rd, Atlanta, GA 30306",No Price,No Bed Info,No Phone
"Avenue at Timberlin Park
7635 Timberlin Park Blvd, Jacksonville, FL 32256","7635 Timberlin Park Blvd, Jacksonville, FL 32256",No Price,No Bed Info,No Phone
"Stonepointe University Place
3806 78th Avenue Ct W, University Place, WA 98466","3806 78th Avenue Ct W, University Place, WA 98466",No Price,No Bed Info,No Phone
"Sands Parc
100 Sands Parc Blvd, Daytona Beach, FL 32117","100 Sands Parc Blvd, Daytona Beach, FL 32117",No Price,No Bed Info,No Phone
"Vera
13051 Gran Bay Pky, Jacksonville, FL 32258","13051 Gran Bay Pky, Jacksonville, FL 32258",No Price,No Bed Info,No Phone
"Bell at Broken Sound
5500 Broken Sound Blvd NW, Boca Raton, FL 33487","5500 Broken Sound Blvd NW, Boca Raton, FL 33487",No Price,No Bed Info,No Phone
"The Mills
1000 Oak Springs Dr, Greenville, SC 29615","1000 Oak Springs Dr, Greenville, SC 29615",No Price,No Bed Info,No Phone
"Avens Point
8901 Grant St, Thornton, CO 80229","8901 Grant St, Thornton, CO 80229",No Price,No Bed Info,No Phone
"Ridgeview
25335 Alessandro Blvd, Moreno Valley, CA 92553","25335 Alessandro Blvd, Moreno Valley, CA 92553",No Price,No Bed Info,No Phone
"Bell Riverside
2054 Riverside Ave, Jacksonville, FL 32204","2054 Riverside Ave, Jacksonville, FL 32204",No Price,No Bed Info,No Phone
"Bell Uptown District
1801 Jefferson St, Oakland, CA 94612","1801 Jefferson St, Oakland, CA 94612",No Price,No Bed Info,No Phone
"Bell Four Points
11210 FM 2222, Austin, TX 78730","11210 FM 2222, Austin, TX 78730",No Price,No Bed Info,No Phone
"Bell Quarry Hill
7000 Convict Hill Rd, Austin, TX 78749","7000 Convict Hill Rd, Austin, TX 78749",No Price,No Bed Info,No Phone
"Bell Roper Mountain
230 Roper Mountain Rd Ext, Greenville, SC 29615","230 Roper Mountain Rd Ext, Greenville, SC 29615",No Price,No Bed Info,No Phone
"Bell Bradburn
11900 Newton St, Westminster, CO 80031","11900 Newton St, Westminster, CO 80031",No Price,No Bed Info,No Phone
"Galleria Village
1616 Galleria Club Ln, Charlotte, NC 28270","1616 Galleria Club Ln, Charlotte, NC 28270",No Price,No Bed Info,No Phone
"Treeline Timber Creek
400 Evolve Dr, Garner, NC 27529","400 Evolve Dr, Garner, NC 27529",No Price,No Bed Info,No Phone
"Bay Club
9009 Western Lake Dr, Jacksonville, FL 32256","9009 Western Lake Dr, Jacksonville, FL 32256",No Price,No Bed Info,No Phone
"Promenade at Las Colinas
555 Promenade Pky, Irving, TX 75039","555 Promenade Pky, Irving, TX 75039",No Price,No Bed Info,No Phone
"Keltonwood at Berewick
5620 Keltonwood Rd, Charlotte, NC 28278","5620 Keltonwood Rd, Charlotte, NC 28278",No Price,No Bed Info,No Phone
"Tryon Farms
15120 Wylie Way, Charlotte, NC 28278","15120 Wylie Way, Charlotte, NC 28278",No Price,No Bed Info,No Phone
"Carrington at Perimeter Park
1001 Carrington Park Cir, Morrisville, NC 27560","1001 Carrington Park Cir, Morrisville, NC 27560",No Price,No Bed Info,No Phone
"Bell Capitol Hill
1717 E Capitol St SE, Washington, DC 20003","1717 E Capitol St SE, Washington, DC 20003",No Price,No Bed Info,No Phone
"Parc at Wylie
1315 W Brown St, Wylie, TX 75098","1315 W Brown St, Wylie, TX 75098",No Price,No Bed Info,No Phone
"Portiva
6898 A C Skinner Pky, Jacksonville, FL 32256","6898 A C Skinner Pky, Jacksonville, FL 32256",No Price,No Bed Info,No Phone
"Parkstone at Knightdale
1001 Park Commons Dr, Knightdale, NC 27545","1001 Park Commons Dr, Knightdale, NC 27545",No Price,No Bed Info,No Phone
"Exchange at Holly Springs
1101 Club Exchange Dr, Holly Springs, NC 27540","1101 Club Exchange Dr, Holly Springs, NC 27540",No Price,No Bed Info,No Phone
"Atlas Durham
321 W Corporation St, Durham, NC 27701","321 W Corporation St, Durham, NC 27701",No Price,No Bed Info,No Phone
"Greylyn Estates
9415 Lucy Jane Ln, Charlotte, NC 28270","9415 Lucy Jane Ln, Charlotte, NC 28270",No Price,No Bed Info,No Phone
"Knoll at Briar Chapel
135 Ballentrae Ct, Pittsboro, NC 27312","135 Ballentrae Ct, Pittsboro, NC 27312",No Price,No Bed Info,No Phone
"Fountain Villas
1001 Cascade Cir, Rockledge, FL 32955","1001 Cascade Cir, Rockledge, FL 32955",No Price,No Bed Info,No Phone
"Falcon Lakes
6504 Falcon River Way, Arlington, TX 76001","6504 Falcon River Way, Arlington, TX 76001",No Price,No Bed Info,No Phone
"Bell Glenridge
111 Glenridge Point Pky NE, Sandy Springs, GA 30342","111 Glenridge Point Pky NE, Sandy Springs, GA 30342",No Price,No Bed Info,No Phone
"Eagle Crossing
8015 W Camp Wisdom Rd, Dallas, TX 75236","8015 W Camp Wisdom Rd, Dallas, TX 75236",No Price,No Bed Info,No Phone
"Eastshore on Lake Carolyn
1100 Lake Carolyn Pkwy, Irving, TX 75039","1100 Lake Carolyn Pkwy, Irving, TX 75039",No Price,No Bed Info,No Phone
"Bell South Shore
1333 Shore District Dr, Austin, TX 78741","1333 Shore District Dr, Austin, TX 78741",No Price,No Bed Info,No Phone
"Vineyards at Paseo Del Sol
31901 Campanula Way, Temecula, CA 92592","31901 Campanula Way, Temecula, CA 92592",No Price,No Bed Info,No Phone
"Bell Broomfield
11996 Ridge Pky, Broomfield, CO 80021","11996 Ridge Pky, Broomfield, CO 80021",No Price,No Bed Info,No Phone
"Bell Mt. Tam
195-205 Tamal Vista Blvd, Corte Madera, CA 94925","195-205 Tamal Vista Blvd, Corte Madera, CA 94925",No Price,No Bed Info,No Phone
"The Preserve at Longleaf
4465 Preserve Dr, Melbourne, FL 32934","4465 Preserve Dr, Melbourne, FL 32934",No Price,No Bed Info,No Phone
"The Grove at Cherry Creek Park
6107 S Parker Rd, Centennial, CO 80016","6107 S Parker Rd, Centennial, CO 80016",No Price,No Bed Info,No Phone
"Bell Miramar Place
11338 SW 45th Pl, Miramar, FL 33025","11338 SW 45th Pl, Miramar, FL 33025",No Price,No Bed Info,No Phone
"The Courtney at Universal Boulevard
9703 Avellino Ave, Orlando, FL 32819","9703 Avellino Ave, Orlando, FL 32819",No Price,No Bed Info,No Phone
"LangTree Lake Norman
150 Landings Dr, Mooresville, NC 28117","150 Landings Dr, Mooresville, NC 28117",No Price,No Bed Info,No Phone
"17 Social
1625 S 17th St, Wilmington, NC 28401","1625 S 17th St, Wilmington, NC 28401",No Price,No Bed Info,No Phone
"Element at The Grove
1700 Red Grove Ln, Knightdale, NC 27545","1700 Red Grove Ln, Knightdale, NC 27545",No Price,No Bed Info,No Phone
"119 South
3000 Bluebird Ln, Mebane, NC 27302","3000 Bluebird Ln, Mebane, NC 27302",No Price,No Bed Info,No Phone
"Vintage Wilson Farms
2116 Pleasant Rd, Fort Mill, SC 29715","2116 Pleasant Rd, Fort Mill, SC 29715",No Price,No Bed Info,No Phone
"Bell Stonebriar
5250 Town and Country Blvd, Frisco, TX 75034","5250 Town and Country Blvd, Frisco, TX 75034",No Price,No Bed Info,No Phone
"Bell Coconut Creek
3600 W Hillsboro Blvd, Coconut Creek, FL 33073","3600 W Hillsboro Blvd, Coconut Creek, FL 33073",No Price,No Bed Info,No Phone
"Parc at Garland
3401 Bobtown Rd, Garland, TX 75043","3401 Bobtown Rd, Garland, TX 75043",No Price,No Bed Info,No Phone
"Bell Marymoor Park
6335 180th Pl NE, Redmond, WA 98052","6335 180th Pl NE, Redmond, WA 98052",No Price,No Bed Info,No Phone
"Comet Garner
1500 Isner Ln, Raleigh, NC 27603","1500 Isner Ln, Raleigh, NC 27603",No Price,No Bed Info,No Phone
"Elevate Riverview
1000 Lassen Dr, Knightdale, NC 27610","1000 Lassen Dr, Knightdale, NC 27610",No Price,No Bed Info,No Phone
"Bell Lake Norman
106 Plantation Pointe Loop, Mooresville, NC 28117","106 Plantation Pointe Loop, Mooresville, NC 28117",No Price,No Bed Info,No Phone
"Bell Totem Lake
12655 120th Ave NE, Kirkland, WA 98034","12655 120th Ave NE, Kirkland, WA 98034",No Price,No Bed Info,No Phone
"Elevate White Oak
300 Hickory Trace Ln, Garner, NC 27529","300 Hickory Trace Ln, Garner, NC 27529",No Price,No Bed Info,No Phone
"Boardwalk at Mercer Crossing
1901 Knightsbridge Rd, Farmers Branch, TX 75234","1901 Knightsbridge Rd, Farmers Branch, TX 75234",No Price,No Bed Info,No Phone
"Farm Haus
1455 E 3rd Ave, Longmont, CO 80501","1455 E 3rd Ave, Longmont, CO 80501",No Price,No Bed Info,No Phone
"The Tides
3185 Garrity Way, Richmond, CA 94806","3185 Garrity Way, Richmond, CA 94806",No Price,No Bed Info,No Phone
"Bell Westford
1 Tech Valley Dr, Westford, MA 01886","1 Tech Valley Dr, Westford, MA 01886",No Price,No Bed Info,No Phone
"The Charles on Liberty Street
201 N Liberty St, Spartanburg, SC 29306","201 N Liberty St, Spartanburg, SC 29306",No Price,No Bed Info,No Phone
"Viridium
1000 Annapolis Way, Woodbridge, VA 22191","1000 Annapolis Way, Woodbridge, VA 22191",No Price,No Bed Info,No Phone
"Elevate Lake Norman
168 Headwater Cir, Mooresville, NC 28117","168 Headwater Cir, Mooresville, NC 28117",No Price,No Bed Info,No Phone
"Elevate Rocky River
3616 N Rocky River Rd, Monroe, NC 28110","3616 N Rocky River Rd, Monroe, NC 28110",No Price,No Bed Info,No Phone
"Arabelle Lincoln Station
10346 Park Meadows Dr, Lone Tree, CO 80124","10346 Park Meadows Dr, Lone Tree, CO 80124",No Price,No Bed Info,No Phone
"Bell at Courthouse
2200 12th Ct, Arlington, VA 22201","2200 12th Ct, Arlington, VA 22201",No Price,No Bed Info,No Phone
"The Brooklyn Riverside
100 Magnolia St, Jacksonville, FL 32204","100 Magnolia St, Jacksonville, FL 32204",No Price,No Bed Info,No Phone
"15Fifty5
1555 Riviera Ave, Walnut Creek, CA 94596","1555 Riviera Ave, Walnut Creek, CA 94596",No Price,No Bed Info,No Phone
"Bell Perimeter Center
70 Perimeter Ctr E, Atlanta, GA 30346","70 Perimeter Ctr E, Atlanta, GA 30346",No Price,No Bed Info,No Phone
"The Ashborough
20155 San Joaquin Ter, Ashburn, VA 20147","20155 San Joaquin Ter, Ashburn, VA 20147",No Price,No Bed Info,No Phone
"Bell Lafayette
695 S Lafayette Dr, Lafayette, CO 80026","695 S Lafayette Dr, Lafayette, CO 80026",No Price,No Bed Info,No Phone
"Courtney Meadows
7820 Baymeadows Rd E, Jacksonville, FL 32256","7820 Baymeadows Rd E, Jacksonville, FL 32256",No Price,No Bed Info,No Phone
"Regency Johns Creek
11134 Medlock Bridge Rd, Johns Creek, GA 30097","11134 Medlock Bridge Rd, Johns Creek, GA 30097",No Price,No Bed Info,No Phone
"Axis at Wycliff
4343 Congress Ave, Dallas, TX 75219","4343 Congress Ave, Dallas, TX 75219",No Price,No Bed Info,No Phone
"Greys Harbor at Lake Norman
8701 Pinnacle Cross Dr, Huntersville, NC 28078","8701 Pinnacle Cross Dr, Huntersville, NC 28078",No Price,No Bed Info,No Phone
"Bell Valencia
24640-24640 Town Center Dr, Valencia, CA 91355","24640-24640 Town Center Dr, Valencia, CA 91355",No Price,No Bed Info,No Phone
"Bell Riverbend Village
1018 Riverbend Station Ter, Charlotte, NC 28216","1018 Riverbend Station Ter, Charlotte, NC 28216",No Price,No Bed Info,No Phone
"Shirlington House
4201 31st St S, Arlington, VA 22206","4201 31st St S, Arlington, VA 22206",No Price,No Bed Info,No Phone
"Lakeside Lofts
11500 Lago Vista E, Farmers Branch, TX 75234","11500 Lago Vista E, Farmers Branch, TX 75234",No Price,No Bed Info,No Phone
"Heather Creek
1540 N Galloway Ave, Mesquite, TX 75149","1540 N Galloway Ave, Mesquite, TX 75149",No Price,No Bed Info,No Phone
"Elevate
One Leighton St, Cambridge, MA 02141","One Leighton St, Cambridge, MA 02141",No Price,No Bed Info,No Phone
"McKinney Pointe
2401 McKinney Ranch Pky, McKinney, TX 75070","2401 McKinney Ranch Pky, McKinney, TX 75070",No Price,No Bed Info,No Phone
"Bell Overlake
3040 148th Ave NE, Redmond, WA 98052","3040 148th Ave NE, Redmond, WA 98052",No Price,No Bed Info,No Phone
"Point Bonita
250 Bonita Glen Dr, Chula Vista, CA 91910","250 Bonita Glen Dr, Chula Vista, CA 91910",No Price,No Bed Info,No Phone
"Bell Murrieta Springs
25100 Vista Murrieta, Murrieta, CA 92562","25100 Vista Murrieta, Murrieta, CA 92562",No Price,No Bed Info,No Phone
"Bell Flatirons
2200 S Tyler Dr, Superior, CO 80027","2200 S Tyler Dr, Superior, CO 80027",No Price,No Bed Info,No Phone
"Axis 110
110 W Cityline Dr, Richardson, TX 75082","110 W Cityline Dr, Richardson, TX 75082",No Price,No Bed Info,No Phone
"Windsong
1600 Cooks Ln, Fort Worth, TX 76120","1600 Cooks Ln, Fort Worth, TX 76120",No Price,No Bed Info,No Phone
"Maple District Lofts
5415 Maple Ave, Dallas, TX 75235","5415 Maple Ave, Dallas, TX 75235",No Price,No Bed Info,No Phone
"Comet Bermuda Run
159 W Kinderton Way, Bermuda Run, NC 27006","159 W Kinderton Way, Bermuda Run, NC 27006",No Price,No Bed Info,No Phone
"Anson at the Lakes
8000 Waterford Lakes Dr, Charlotte, NC 28210","8000 Waterford Lakes Dr, Charlotte, NC 28210",No Price,No Bed Info,No Phone
"81 Fifty at West Hills
8150 SW Barnes Rd, Portland, OR 97225","8150 SW Barnes Rd, Portland, OR 97225",No Price,No Bed Info,No Phone
"Lasselle Place
15700 Lasselle St, Moreno Valley, CA 92551","15700 Lasselle St, Moreno Valley, CA 92551",No Price,No Bed Info,No Phone
"Bell Parker
16950 Carlson Dr, Parker, CO 80134","16950 Carlson Dr, Parker, CO 80134",No Price,No Bed Info,No Phone
"The Chase at Overlook Ridge
11 Overlook Ridge Dr, Revere, MA 02151","11 Overlook Ridge Dr, Revere, MA 02151",No Price,No Bed Info,No Phone
"Arabelle City Center
10700 City Center Blvd, Pembroke Pines, FL 33025","10700 City Center Blvd, Pembroke Pines, FL 33025",No Price,No Bed Info,No Phone
"Bell Pasadena
3330 E Foothill Blvd, Pasadena, CA 91107","3330 E Foothill Blvd, Pasadena, CA 91107",No Price,No Bed Info,No Phone
"Villas at Towngate
13120 Day St, Moreno Valley, CA 92553","13120 Day St, Moreno Valley, CA 92553",No Price,No Bed Info,No Phone
"Bell Rohnert Park
600 Rohnert Park Expy W, Rohnert Park, CA 94928","600 Rohnert Park Expy W, Rohnert Park, CA 94928",No Price,No Bed Info,No Phone
"Bell Ken-Caryl
12044 W Ken Caryl Cir, Littleton, CO 80127","12044 W Ken Caryl Cir, Littleton, CO 80127",No Price,No Bed Info,No Phone
"Bell Apex
4000 Spotter Dr, Apex, NC 27502","4000 Spotter Dr, Apex, NC 27502",No Price,No Bed Info,No Phone
"Preserve at Pecan Creek
6303 W Shady Shores Rd, Denton, TX 76208","6303 W Shady Shores Rd, Denton, TX 76208",No Price,No Bed Info,No Phone
"Bell Lakeshore
2515 Elmont Dr, Austin, TX 78741","2515 Elmont Dr, Austin, TX 78741",No Price,No Bed Info,No Phone
"Bell Vinings
3151 Stillhouse Creek Dr, Atlanta, GA 30339","3151 Stillhouse Creek Dr, Atlanta, GA 30339",No Price,No Bed Info,No Phone
"The Alexander at Countryside
2524 Alexander Pl, Clearwater, FL 33763","2524 Alexander Pl, Clearwater, FL 33763",No Price,No Bed Info,No Phone
"Sonoma Court
970 W Yellow Jacket Ln, Rockwall, TX 75087","970 W Yellow Jacket Ln, Rockwall, TX 75087",No Price,No Bed Info,No Phone
"Wayfare at Garden Crossing
130 Canary Pl, Burlington, NC 27215","130 Canary Pl, Burlington, NC 27215",No Price,No Bed Info,No Phone
"Bell Arlington Ridge
2400 24th Rd S, Arlington, VA 22206","2400 24th Rd S, Arlington, VA 22206",No Price,No Bed Info,No Phone
"Bell Watertown
100 Woodview Way, Watertown, MA 02472","100 Woodview Way, Watertown, MA 02472",No Price,No Bed Info,No Phone
"Dominion
333 S Glebe Rd, Arlington, VA 22204","333 S Glebe Rd, Arlington, VA 22204",No Price,No Bed Info,No Phone
"Woodhaven
1913 Woodhaven Cir, Rockledge, FL 32955","1913 Woodhaven Cir, Rockledge, FL 32955",No Price,No Bed Info,No Phone
"Mansions of Mansfield
400 N State Hwy 360, Mansfield, TX 76063","400 N State Hwy 360, Mansfield, TX 76063",No Price,No Bed Info,No Phone
"Desoto Ranch
801 S Polk St, Desoto, TX 75115","801 S Polk St, Desoto, TX 75115",No Price,No Bed Info,No Phone
"Bridgewood Ranch
4100 Vista Ln, Kaufman, TX 75142","4100 Vista Ln, Kaufman, TX 75142",No Price,No Bed Info,No Phone
"Jefferson Place Apartments
5835 White Lake Ln, Frederick, MD 21703","5835 White Lake Ln, Frederick, MD 21703",No Price,No Bed Info,No Phone
"Hudson Bishops Creek
1040 Vinson Way, Surf City, NC 28445","1040 Vinson Way, Surf City, NC 28445",No Price,No Bed Info,No Phone
"Bell Walkers Crossing
8301 Block House Way, Knoxville, TN 37923","8301 Block House Way, Knoxville, TN 37923",No Price,No Bed Info,No Phone
"The Lodge at Pecan Creek
6503 W Shady Shores Rd, Denton, TX 76208","6503 W Shady Shores Rd, Denton, TX 76208",No Price,No Bed Info,No Phone
"Flats170 at Academy Yard
8313 Telegraph Rd, Odenton, MD 21113","8313 Telegraph Rd, Odenton, MD 21113",No Price,No Bed Info,No Phone
"Elevate The Grove
10500 Royal Grove Rd, China Grove, NC 28023","10500 Royal Grove Rd, China Grove, NC 28023",No Price,No Bed Info,No Phone
"The Westerly at Forge Park
50 Woodview Way, Franklin, MA 02038","50 Woodview Way, Franklin, MA 02038",No Price,No Bed Info,No Phone
"Linz at The Station
5300 The Station Blvd, Sachse, TX 75048","5300 The Station Blvd, Sachse, TX 75048",No Price,No Bed Info,No Phone
"Lake Linganore Apartments
10255 Sculpin St, New Market, MD 21774","10255 Sculpin St, New Market, MD 21774",No Price,No Bed Info,No Phone
"The James
251 Admiral Cochrane Dr, Annapolis, MD 21401","251 Admiral Cochrane Dr, Annapolis, MD 21401",No Price,No Bed Info,No Phone
"Bell Ashburn Farms
22541 Hickory Hill Sq, Ashburn, VA 20148","22541 Hickory Hill Sq, Ashburn, VA 20148",No Price,No Bed Info,No Phone
"Comet Westgate
5090 Tradeway Dr, Leland, NC 28451","5090 Tradeway Dr, Leland, NC 28451",No Price,No Bed Info,No Phone
"Elevate 54
230 Pine Knot Ln, Graham, NC 27253","230 Pine Knot Ln, Graham, NC 27253",No Price,No Bed Info,No Phone
"Bell South Bay
11622 Aviation Blvd, Inglewood, CA 90304","11622 Aviation Blvd, Inglewood, CA 90304",No Price,No Bed Info,No Phone
