Title,Address,Price,Beds,Phone
"Creekside Corners
5301 W Fairington Pky, Lithonia, GA 30038","5301 W Fairington Pky, Lithonia, GA 30038",No Price,No Bed Info,No Phone
"The Parke at Oakley
5474 Oakley Industrial Blvd, Fairburn, GA 30213","5474 Oakley Industrial Blvd, Fairburn, GA 30213",No Price,No Bed Info,No Phone
"Lebanon Ridge
2355 Lebanon Rd, Frisco, TX 75034","2355 Lebanon Rd, Frisco, TX 75034",No Price,No Bed Info,No Phone
"Belle Vista Apartments
100 Camellia Ln, Lithonia, GA 30058","100 Camellia Ln, Lithonia, GA 30058",No Price,No Bed Info,No Phone
"EVERGREEN PARK
7305 Village Center Blvd, Fairburn, GA 30213","7305 Village Center Blvd, Fairburn, GA 30213",No Price,No Bed Info,No Phone
"Wimbledon Oaks
1802 Wimbledon Oaks Ln, Arlington, TX 76017","1802 Wimbledon Oaks Ln, Arlington, TX 76017",No Price,No Bed Info,No Phone
"Grace Woods
3209 S IH 35, Austin, TX 78741","3209 S IH 35, Austin, TX 78741",No Price,No Bed Info,No Phone
"The Westside
1515 Rio Grande Dr, Plano, TX 75075","1515 Rio Grande Dr, Plano, TX 75075",No Price,No Bed Info,No Phone
"Station 3700
3700 Post Oak Blvd, Euless, TX 76040","3700 Post Oak Blvd, Euless, TX 76040",No Price,No Bed Info,No Phone
"Lakeside Villas
2502 Riverside Dr, Grand Prairie, TX 75050","2502 Riverside Dr, Grand Prairie, TX 75050",No Price,No Bed Info,No Phone
"Aslan On The River
100 Riverview Pl, Jonesboro, GA 30238","100 Riverview Pl, Jonesboro, GA 30238",No Price,No Bed Info,No Phone
"CREEKSIDE VISTA
3100 Lumby Dr, Decatur, GA 30034","3100 Lumby Dr, Decatur, GA 30034",No Price,No Bed Info,No Phone
"One City Block
444 E 19th Ave, Denver, CO 80203","444 E 19th Ave, Denver, CO 80203",No Price,No Bed Info,No Phone
"Alaqua at Frisco Apartments
4770 Teel Pky, Frisco, TX 75034","4770 Teel Pky, Frisco, TX 75034",No Price,No Bed Info,No Phone
"Calloway at Las Colinas
7300 Parkridge Blvd, Irving, TX 75063","7300 Parkridge Blvd, Irving, TX 75063",No Price,No Bed Info,No Phone
"EVERGREEN TERRACE
8064 S Fulton Pky, Fairburn, GA 30213","8064 S Fulton Pky, Fairburn, GA 30213",No Price,No Bed Info,No Phone
"LANDING SQUARE
3378 Greenbriar Pky SW, Atlanta, GA 30331","3378 Greenbriar Pky SW, Atlanta, GA 30331",No Price,No Bed Info,No Phone
"West Oaks
14838 Vance Jackson Rd, San Antonio, TX 78249","14838 Vance Jackson Rd, San Antonio, TX 78249",No Price,No Bed Info,No Phone
"The Paxton
4305 Paxton Ln, Lilburn, GA 30047","4305 Paxton Ln, Lilburn, GA 30047",No Price,No Bed Info,No Phone
"Southwood Vista
4005 Campbellton Rd, Atlanta, GA 30331","4005 Campbellton Rd, Atlanta, GA 30331",No Price,No Bed Info,No Phone
"Casa Bella Apartments
6601 S Westshore Blvd, Tampa, FL 33616","6601 S Westshore Blvd, Tampa, FL 33616",No Price,No Bed Info,No Phone
"Adair Off Addison
15905 Bent Tree Forest Cir, Dallas, TX 75248","15905 Bent Tree Forest Cir, Dallas, TX 75248",No Price,No Bed Info,No Phone
"Retreat at Sweetwater
3355 Sweetwater Rd, Lawrenceville, GA 30044","3355 Sweetwater Rd, Lawrenceville, GA 30044",No Price,No Bed Info,No Phone
"Enclave At Bear Creek
855 E Ash Ln, Euless, TX 76039","855 E Ash Ln, Euless, TX 76039",No Price,No Bed Info,No Phone
"Dayrise at Centreport
14500 Sovereign Rd, Fort Worth, TX 76155","14500 Sovereign Rd, Fort Worth, TX 76155",No Price,No Bed Info,No Phone
"Alterra Apartments
801 S Prudence Rd, Tucson, AZ 85710","801 S Prudence Rd, Tucson, AZ 85710",No Price,No Bed Info,No Phone
"VILLAS BY THE LAKE
1 Lakeview Way, Jonesboro, GA 30238","1 Lakeview Way, Jonesboro, GA 30238",No Price,No Bed Info,No Phone
"Gardens of Valley Ranch
8800 Saddlehorn Dr, Irving, TX 75063","8800 Saddlehorn Dr, Irving, TX 75063",No Price,No Bed Info,No Phone
"Alannah at Westover Hills
12105 State Highway 151, San Antonio, TX 78251","12105 State Highway 151, San Antonio, TX 78251",No Price,No Bed Info,No Phone
"PARK AVENUE AT BOULDER CREEK
11575 Pearland Pky, Houston, TX 77089","11575 Pearland Pky, Houston, TX 77089",No Price,No Bed Info,No Phone
"Shores on Sweetwater
3525 Club Dr, Lawrenceville, GA 30044","3525 Club Dr, Lawrenceville, GA 30044",No Price,No Bed Info,No Phone
"Overlook At Bear Creek
800 E Ash Ln, Euless, TX 76039","800 E Ash Ln, Euless, TX 76039",No Price,No Bed Info,No Phone
"Hilltop at Shavano
17239 Shavano Ranch, San Antonio, TX 78257","17239 Shavano Ranch, San Antonio, TX 78257",No Price,No Bed Info,No Phone
"Bristol Grapevine
2400 Timberline Dr, Grapevine, TX 76051","2400 Timberline Dr, Grapevine, TX 76051",No Price,No Bed Info,No Phone
"Tate Tanglewood
5880 Inwood Dr, Houston, TX 77057","5880 Inwood Dr, Houston, TX 77057",No Price,No Bed Info,No Phone
"Villas At West Ridge
7850 Lee Rd, Lithia Springs, GA 30122","7850 Lee Rd, Lithia Springs, GA 30122",No Price,No Bed Info,No Phone
"Arbor Place
5832 Stewart Pky, Douglasville, GA 30135","5832 Stewart Pky, Douglasville, GA 30135",No Price,No Bed Info,No Phone
"EVERGREEN COMMONS
5250 Highway 138, Union City, GA 30291","5250 Highway 138, Union City, GA 30291",No Price,No Bed Info,No Phone
"The Grove on Southlake
7290 Southlake Pky, Morrow, GA 30260","7290 Southlake Pky, Morrow, GA 30260",No Price,No Bed Info,No Phone
"Pinnacle Ridge
1310 N Cockrell Hill Rd, Dallas, TX 75211","1310 N Cockrell Hill Rd, Dallas, TX 75211",No Price,No Bed Info,No Phone
"Commons at University Square
9201 Glenwater Dr, Charlotte, NC 28262","9201 Glenwater Dr, Charlotte, NC 28262",No Price,No Bed Info,No Phone
