Title,Address,Price,Beds,Phone
"Inscription West Palm Beach
1991 Presidential Way, West Palm Beach, FL 33401","1991 Presidential Way, West Palm Beach, FL 33401",No Price,No Bed Info,No Phone
"Inscription Channel District
1250 E Madison St, Tampa, FL 33602","1250 E Madison St, Tampa, FL 33602",No Price,No Bed Info,No Phone
"The Columns on Main
215 Columns Way, Spring Hill, TN 37174","215 Columns Way, Spring Hill, TN 37174",No Price,No Bed Info,No Phone
"NorthPointe
503 E Stone Ave, Greenville, SC 29601","503 E Stone Ave, Greenville, SC 29601",No Price,No Bed Info,No Phone
"The Corwyn Conyers
1405 Courtesy Pky, Conyers, GA 30013","1405 Courtesy Pky, Conyers, GA 30013",No Price,No Bed Info,No Phone
"The Averly East Village
2600 Holcomb Bridge Rd, Alpharetta, GA 30022","2600 Holcomb Bridge Rd, Alpharetta, GA 30022",No Price,No Bed Info,No Phone
"The Cliftwood
185 Cliftwood Dr NE, Atlanta, GA 30328","185 Cliftwood Dr NE, Atlanta, GA 30328",No Price,No Bed Info,No Phone
"The Columns at Lake Ridge
3900 Lake Ridge Ln, Dunwoody, GA 30338","3900 Lake Ridge Ln, Dunwoody, GA 30338",No Price,No Bed Info,No Phone
"Estero Parc
3011 Terracap Way, Estero, FL 33928","3011 Terracap Way, Estero, FL 33928",No Price,No Bed Info,No Phone
"Waterline Bonita Springs
10655 Founders Way, Bonita Springs, FL 34135","10655 Founders Way, Bonita Springs, FL 34135",No Price,No Bed Info,No Phone
"Waterline Estero
11221 Everblades Pky, Estero, FL 33928","11221 Everblades Pky, Estero, FL 33928",No Price,No Bed Info,No Phone
"The Columns at Cypress Point
4330 Point Cypress Blvd, Wesley Chapel, FL 33545","4330 Point Cypress Blvd, Wesley Chapel, FL 33545",No Price,No Bed Info,No Phone
"The Columns at Club Drive
3920 Club Dr NW, Duluth, GA 30096","3920 Club Dr NW, Duluth, GA 30096",No Price,No Bed Info,No Phone
"Makara Orlando
3751 Staniel Cay Loop, Orlando, FL 32817","3751 Staniel Cay Loop, Orlando, FL 32817",No Price,No Bed Info,No Phone
"The Corwyn South Point
1000 Columns Dr, McDonough, GA 30253","1000 Columns Dr, McDonough, GA 30253",No Price,No Bed Info,No Phone
"The Fairways at Jennings Mill
355 Jennings Mill Pky, Athens, GA 30606","355 Jennings Mill Pky, Athens, GA 30606",No Price,No Bed Info,No Phone
"The Columns at Bear Creek
11931 Cassandra St, New Port Richey, FL 34654","11931 Cassandra St, New Port Richey, FL 34654",No Price,No Bed Info,No Phone
"The Columns at Shadow Creek Ranch
12325 Shadow Creek Pky, Pearland, TX 77584","12325 Shadow Creek Pky, Pearland, TX 77584",No Price,No Bed Info,No Phone
"The Ellis
3 Woodcock Rd, Savannah, GA 31404","3 Woodcock Rd, Savannah, GA 31404",No Price,No Bed Info,No Phone
"The Factory at Park Circle
4993 O'Hear Ave, North Charleston, SC 29405","4993 O'Hear Ave, North Charleston, SC 29405",No Price,No Bed Info,No Phone
"The Columns at Oakwood
2102 Education Way, Oakwood, GA 30566","2102 Education Way, Oakwood, GA 30566",No Price,No Bed Info,No Phone
"The Columns at Pilgrim Mill
2090 Columns Dr, Cumming, GA 30041","2090 Columns Dr, Cumming, GA 30041",No Price,No Bed Info,No Phone
"Verso
6100 Echelon Way, Davenport, FL 33896","6100 Echelon Way, Davenport, FL 33896",No Price,No Bed Info,No Phone
"The Columns at Hiram
6736 Bill Carruth Pky, Hiram, GA 30141","6736 Bill Carruth Pky, Hiram, GA 30141",No Price,No Bed Info,No Phone
"The Columns at Coldbrook Station
501 Old Richmond Rd, Port Wentworth, GA 31407","501 Old Richmond Rd, Port Wentworth, GA 31407",No Price,No Bed Info,No Phone
"Houma Highlands
461 S Hollywood Rd, Houma, LA 70360","461 S Hollywood Rd, Houma, LA 70360",No Price,No Bed Info,No Phone
