Title,Address,Price,Beds,Phone
"Aviara at Mountain House
505 E Arnaudo Blvd, Mountain House, CA 95391","505 E Arnaudo Blvd, Mountain House, CA 95391",No Price,No Bed Info,No Phone
"Kinsley Yard
2801 Grewal Pky, Modesto, CA 95356","2801 Grewal Pky, Modesto, CA 95356",No Price,No Bed Info,No Phone
"Tuscany Villas
6710 W Doe Ave, Visalia, CA 93291","6710 W Doe Ave, Visalia, CA 93291",No Price,No Bed Info,No Phone
"SOCO Apartments
727 Central Ave, Napa, CA 94558","727 Central Ave, Napa, CA 94558",No Price,No Bed Info,No Phone
"Stone Creek Village
3390 Zinfandel Drive, Rancho Cordova, CA 95670","3390 Zinfandel Drive, Rancho Cordova, CA 95670",No Price,No Bed Info,No Phone
"High Rock 5300
5300 Los Altos Pky, Sparks, NV 89436","5300 Los Altos Pky, Sparks, NV 89436",No Price,No Bed Info,No Phone
"The James
6201 W Oaks Blvd, Rocklin, CA 95765","6201 W Oaks Blvd, Rocklin, CA 95765",No Price,No Bed Info,No Phone
"Aspire
2725 Pavillion Pkwy, Tracy, CA 95304","2725 Pavillion Pkwy, Tracy, CA 95304",No Price,No Bed Info,No Phone
"Westlook Resort Living
4275 W 4th St, Reno, NV 89523","4275 W 4th St, Reno, NV 89523",No Price,No Bed Info,No Phone
"Cielo
5200 Beckner Rd, Santa Fe, NM 87507","5200 Beckner Rd, Santa Fe, NM 87507",No Price,No Bed Info,No Phone
"Verdell Pointe
2137 Iron Point Rd, Folsom, CA 95630","2137 Iron Point Rd, Folsom, CA 95630",No Price,No Bed Info,No Phone
"Sky Vista Commons North
9455 Sky Vista Pky, Reno, NV 89506","9455 Sky Vista Pky, Reno, NV 89506",No Price,No Bed Info,No Phone
"EDGEWATER AT VIRGINIA LAKE
2490 Eastshore Dr, Reno, NV 89509","2490 Eastshore Dr, Reno, NV 89509",No Price,No Bed Info,No Phone
"The Eames
1542 Bartlett Ln, Sacramento, CA 95815","1542 Bartlett Ln, Sacramento, CA 95815",No Price,No Bed Info,No Phone
"The Element Apartments
825 Delucchi Ln, Reno, NV 89502","825 Delucchi Ln, Reno, NV 89502",No Price,No Bed Info,No Phone
"THE ELEVEN HUNDRED
1100 Howe Ave, Sacramento, CA 95825","1100 Howe Ave, Sacramento, CA 95825",No Price,No Bed Info,No Phone
"Caliber at Hyland Village
5403 W 96th Ave, Westminster, CO 80020","5403 W 96th Ave, Westminster, CO 80020",No Price,No Bed Info,No Phone
"WATERFRONT AT THE MARINA
375 Harbor Cove Dr, Sparks, NV 89434","375 Harbor Cove Dr, Sparks, NV 89434",No Price,No Bed Info,No Phone
"ATWELL AT FOLSOM RANCH
14481 Southpointe Dr, Folsom, CA 95630","14481 Southpointe Dr, Folsom, CA 95630",No Price,No Bed Info,No Phone
"Fayette Arms
2680 Fayette Dr, Mountain View, CA 94040","2680 Fayette Dr, Mountain View, CA 94040",No Price,No Bed Info,No Phone
"Element 79
4373 Town Center Blvd, El Dorado Hills, CA 95762","4373 Town Center Blvd, El Dorado Hills, CA 95762",No Price,No Bed Info,No Phone
"Envoy
1010 11th St, Sacramento, CA 95814","1010 11th St, Sacramento, CA 95814",No Price,No Bed Info,No Phone
"Tides on Wynn
3800 Wynn Rd, Las Vegas, NV 89103","3800 Wynn Rd, Las Vegas, NV 89103",No Price,No Bed Info,No Phone
"Double R
9200 Double R Blvd, Reno, NV 89521","9200 Double R Blvd, Reno, NV 89521",No Price,No Bed Info,No Phone
"LeSarra
2230 Valley View Pky, El Dorado Hills, CA 95762","2230 Valley View Pky, El Dorado Hills, CA 95762",No Price,No Bed Info,No Phone
"Parc at Prairie Grass
720 Chapman Dr, Colorado Springs, CO 80916","720 Chapman Dr, Colorado Springs, CO 80916",No Price,No Bed Info,No Phone
"Apex at Sky Valley
1555 Sky Valley Dr, Reno, NV 89523","1555 Sky Valley Dr, Reno, NV 89523",No Price,No Bed Info,No Phone
"Vineyard Gate Apartments
1601 Vineyard Rd, Roseville, CA 95747","1601 Vineyard Rd, Roseville, CA 95747",No Price,No Bed Info,No Phone
"Hub Apartments
525 Willard Dr, Folsom, CA 95630","525 Willard Dr, Folsom, CA 95630",No Price,No Bed Info,No Phone
"The Atrium at Victorian Square
1415 C St, Sparks, NV 89431","1415 C St, Sparks, NV 89431",No Price,No Bed Info,No Phone
"Broadstone Villas
2840 E Bidwell St, Folsom, CA 95630","2840 E Bidwell St, Folsom, CA 95630",No Price,No Bed Info,No Phone
"Sterling Ranch Apartments
965 Wilson Blvd, El Dorado Hills, CA 95762","965 Wilson Blvd, El Dorado Hills, CA 95762",No Price,No Bed Info,No Phone
"The Retreat Luxury Apartments & Townhomes
1100 Solitude Trl, Reno, NV 89503","1100 Solitude Trl, Reno, NV 89503",No Price,No Bed Info,No Phone
"3rd Street Flats
303 W 3rd St, Reno, NV 89501","303 W 3rd St, Reno, NV 89501",No Price,No Bed Info,No Phone
"The Press at Midtown Quarter
1714 21st St, Sacramento, CA 95811","1714 21st St, Sacramento, CA 95811",No Price,No Bed Info,No Phone
"The Bungalows at Sky Vista
9755 Silver Sky Pky, Reno, NV 89506","9755 Silver Sky Pky, Reno, NV 89506",No Price,No Bed Info,No Phone
"BDX at Capital Village
3175 Data Dr, Rancho Cordova, CA 95670","3175 Data Dr, Rancho Cordova, CA 95670",No Price,No Bed Info,No Phone
"Caliber at Flatirons
13872 Del Corso Way, Broomfield, CO 80020","13872 Del Corso Way, Broomfield, CO 80020",No Price,No Bed Info,No Phone
"The Edge Apartments
4005 Cowell Blvd, Davis, CA 95618","4005 Cowell Blvd, Davis, CA 95618",No Price,No Bed Info,No Phone
"The Peak at Sky Mountain
1675 Sky Mountain Dr, Reno, NV 89523","1675 Sky Mountain Dr, Reno, NV 89523",No Price,No Bed Info,No Phone
"The Deco at Victorian Square
955 Ave of the Oaks, Sparks, NV 89431","955 Ave of the Oaks, Sparks, NV 89431",No Price,No Bed Info,No Phone
"ZINC 1501
1501 Expo Pky, Sacramento, CA 95815","1501 Expo Pky, Sacramento, CA 95815",No Price,No Bed Info,No Phone
"Tides on Charleston
6501 W Charleston Blvd, Las Vegas, NV 89146","6501 W Charleston Blvd, Las Vegas, NV 89146",No Price,No Bed Info,No Phone
"Sofi Ventura
6250 Telegraph Rd, Ventura, CA 93003","6250 Telegraph Rd, Ventura, CA 93003",No Price,No Bed Info,No Phone
"Vintage at Everett Senior Community
1001 E Marine View Dr, Everett, WA 98201","1001 E Marine View Dr, Everett, WA 98201",No Price,No Bed Info,No Phone
"Verge 8000
8000 Offenhauser Dr, Reno, NV 89511","8000 Offenhauser Dr, Reno, NV 89511",No Price,No Bed Info,No Phone
"The Villas at D'Andrea Apartment Homes
2200 N D'Andrea Pky, Sparks, NV 89434","2200 N D'Andrea Pky, Sparks, NV 89434",No Price,No Bed Info,No Phone
"Rockwood at the Cascades
16601 Foothill Blvd, Sylmar, CA 91342","16601 Foothill Blvd, Sylmar, CA 91342",No Price,No Bed Info,No Phone
"La Privada
9030 Betel Dr, El Paso, TX 79907","9030 Betel Dr, El Paso, TX 79907",No Price,No Bed Info,No Phone
"Fusion 355
355 Eldorado Blvd, Broomfield, CO 80021","355 Eldorado Blvd, Broomfield, CO 80021",No Price,No Bed Info,No Phone
"STONEBRIER APARTMENTS
4770 West Ln, Stockton, CA 95210","4770 West Ln, Stockton, CA 95210",No Price,No Bed Info,No Phone
"EATON RANCH APARTMENTS
2833 Eaton Rd, Chico, CA 95973","2833 Eaton Rd, Chico, CA 95973",No Price,No Bed Info,No Phone
"Park on Virginia
3295 S Virginia St, Reno, NV 89502","3295 S Virginia St, Reno, NV 89502",No Price,No Bed Info,No Phone
"Canyon Vista
5200 Los Altos Pky, Sparks, NV 89436","5200 Los Altos Pky, Sparks, NV 89436",No Price,No Bed Info,No Phone
"The Preserve at Creekside
1299 Antelope Creek Dr, Roseville, CA 95678","1299 Antelope Creek Dr, Roseville, CA 95678",No Price,No Bed Info,No Phone
"Briarwood Apartments
3819 East Ave, Livermore, CA 94550","3819 East Ave, Livermore, CA 94550",No Price,No Bed Info,No Phone
"Laurel Creek
2751 Peppertree Dr, Fairfield, CA 94533","2751 Peppertree Dr, Fairfield, CA 94533",No Price,No Bed Info,No Phone
"Borregas Court Apartments
101 W Weddell Dr, Sunnyvale, CA 94089","101 W Weddell Dr, Sunnyvale, CA 94089",No Price,No Bed Info,No Phone
"THE BRIDGES AT VICTORIAN SQUARE
1125-1130 Avenue of the Oaks, Sparks, NV 89431","1125-1130 Avenue of the Oaks, Sparks, NV 89431",No Price,No Bed Info,No Phone
"Salish Flats
304-S Kalispel Way, Airway Heights, WA 99001","304-S Kalispel Way, Airway Heights, WA 99001",No Price,No Bed Info,No Phone
"NANDA ON PACIFIC
1547 Pacific Ave, Santa Cruz, CA 95060","1547 Pacific Ave, Santa Cruz, CA 95060",No Price,No Bed Info,No Phone
"SYNC APARTMENT HOMES
7089 Aliante Pky, North Las Vegas, NV 89084","7089 Aliante Pky, North Las Vegas, NV 89084",No Price,No Bed Info,No Phone
"Bluffs at Evergreen
2 W Casino Rd, Everett, WA 98204","2 W Casino Rd, Everett, WA 98204",No Price,No Bed Info,No Phone
"225 Clifton
225 Clifton St, Oakland, CA 94618","225 Clifton St, Oakland, CA 94618",No Price,No Bed Info,No Phone
"Keyway Apartments
1100 15th St, Sparks, NV 89431","1100 15th St, Sparks, NV 89431",No Price,No Bed Info,No Phone
"Tides on Hulen
6351 Hulen Bend Blvd, Fort Worth, TX 76132","6351 Hulen Bend Blvd, Fort Worth, TX 76132",No Price,No Bed Info,No Phone
"WATERFORD PLACE
240 Natoma Station Dr, Folsom, CA 95630","240 Natoma Station Dr, Folsom, CA 95630",No Price,No Bed Info,No Phone
"RIVER TERRACE
2593 Millcreek Dr, Sacramento, CA 95833","2593 Millcreek Dr, Sacramento, CA 95833",No Price,No Bed Info,No Phone
"Meridian at Stanford Ranch
2121 Sunset Blvd, Rocklin, CA 95765","2121 Sunset Blvd, Rocklin, CA 95765",No Price,No Bed Info,No Phone
"Waterstone
9901 Lurline Ave, Chatsworth, CA 91311","9901 Lurline Ave, Chatsworth, CA 91311",No Price,No Bed Info,No Phone
"Eclipse 96
12202 Fair Oaks Blvd, Fair Oaks, CA 95628","12202 Fair Oaks Blvd, Fair Oaks, CA 95628",No Price,No Bed Info,No Phone
"The Trails at Pioneer Meadows
6717 Rolling Meadows Dr, Sparks, NV 89436","6717 Rolling Meadows Dr, Sparks, NV 89436",No Price,No Bed Info,No Phone
"Aster
6775 Golden Gate Dr, Dublin, CA 94568","6775 Golden Gate Dr, Dublin, CA 94568",No Price,No Bed Info,No Phone
"MOTIF AT FLAGLER VILLAGE
500 N Andrews Ave, Fort Lauderdale, FL 33301","500 N Andrews Ave, Fort Lauderdale, FL 33301",No Price,No Bed Info,No Phone
"38° NORTH
1020 Kawana Springs Rd, Santa Rosa, CA 95404","1020 Kawana Springs Rd, Santa Rosa, CA 95404",No Price,No Bed Info,No Phone
"DaVinci Apartments
1666 Da Vinci Ct, Davis, CA 95618","1666 Da Vinci Ct, Davis, CA 95618",No Price,No Bed Info,No Phone
"Meri Palm Bay
1880 Mogra Circle NE, Palm Bay, FL 32905","1880 Mogra Circle NE, Palm Bay, FL 32905",No Price,No Bed Info,No Phone
"Allegria at Roseville
5 Marcia Way, Roseville, CA 95747","5 Marcia Way, Roseville, CA 95747",No Price,No Bed Info,No Phone
"CASA GRANDE APARTMENT HOMES
4455 Casa Grande Cir, Cypress, CA 90630","4455 Casa Grande Cir, Cypress, CA 90630",No Price,No Bed Info,No Phone
"NVE at Fairfax
639 N Fairfax Ave, Los Angeles, CA 90036","639 N Fairfax Ave, Los Angeles, CA 90036",No Price,No Bed Info,No Phone
"Square One
1040 C St, Sparks, NV 89431","1040 C St, Sparks, NV 89431",No Price,No Bed Info,No Phone
"Azure
550 Marina Gateway Dr, Sparks, NV 89434","550 Marina Gateway Dr, Sparks, NV 89434",No Price,No Bed Info,No Phone
"Farm by Vintage
4015 133rd St SE, Mill Creek, WA 98012","4015 133rd St SE, Mill Creek, WA 98012",No Price,No Bed Info,No Phone
"The Preserve at Harbison
3501 Harbison dr, Vacaville, CA 95687","3501 Harbison dr, Vacaville, CA 95687",No Price,No Bed Info,No Phone
"Trails at Grand Terrace
1699 E Washington St, Colton, CA 92324","1699 E Washington St, Colton, CA 92324",No Price,No Bed Info,No Phone
"Terrace Hill
4111 Westcity Ct, El Paso, TX 79902","4111 Westcity Ct, El Paso, TX 79902",No Price,No Bed Info,No Phone
"Harvest at Fiddyment Ranch
1900 Blue Oaks Blvd, Roseville, CA 95747","1900 Blue Oaks Blvd, Roseville, CA 95747",No Price,No Bed Info,No Phone
"LOFT 205
205 S Sierra St, Reno, NV 89501","205 S Sierra St, Reno, NV 89501",No Price,No Bed Info,No Phone
"Silverado Apartments
7077 Vista Blvd, Sparks, NV 89436","7077 Vista Blvd, Sparks, NV 89436",No Price,No Bed Info,No Phone
"Hidden Creek
1701 Marshall Rd, Vacaville, CA 95687","1701 Marshall Rd, Vacaville, CA 95687",No Price,No Bed Info,No Phone
"Solstice at Fiddyment Ranch
2151 Prairie Town Way, Roseville, CA 95747","2151 Prairie Town Way, Roseville, CA 95747",No Price,No Bed Info,No Phone
"Woodlake Close
2059 Royal Oaks Dr, Sacramento, CA 95815","2059 Royal Oaks Dr, Sacramento, CA 95815",No Price,No Bed Info,No Phone
"Strada 1200
1200 Allison Dr, Vacaville, CA 95687","1200 Allison Dr, Vacaville, CA 95687",No Price,No Bed Info,No Phone
"Ashton Parc
2201 Arena Blvd, Sacramento, CA 95834","2201 Arena Blvd, Sacramento, CA 95834",No Price,No Bed Info,No Phone
"Mission Pointe
12450 Biscayne Blvd, Jacksonville, FL 32218","12450 Biscayne Blvd, Jacksonville, FL 32218",No Price,No Bed Info,No Phone
"Quail Run
209 Aegean Way, Vacaville, CA 95687","209 Aegean Way, Vacaville, CA 95687",No Price,No Bed Info,No Phone
"THE MEADOWS
2355 Meadow Way, Santa Rosa, CA 95404","2355 Meadow Way, Santa Rosa, CA 95404",No Price,No Bed Info,No Phone
"The Winsted at Sunset West
101 Coppervale Cir, Rocklin, CA 95765","101 Coppervale Cir, Rocklin, CA 95765",No Price,No Bed Info,No Phone
"Pique at Iron Point
101 Pique Loop, Folsom, CA 95630","101 Pique Loop, Folsom, CA 95630",No Price,No Bed Info,No Phone
"Nine88 Apartments
988 El Camino Real, South San Francisco, CA 94080","988 El Camino Real, South San Francisco, CA 94080",No Price,No Bed Info,No Phone
"Two 10 by Vintage
18110 Midvale Ave N, Shoreline, WA 98133","18110 Midvale Ave N, Shoreline, WA 98133",No Price,No Bed Info,No Phone
"Sherwood at Iron Point
2300 Iron Point Rd, Folsom, CA 95630","2300 Iron Point Rd, Folsom, CA 95630",No Price,No Bed Info,No Phone
"Pearl Creek
1298 Antelope Creek Dr, Roseville, CA 95678","1298 Antelope Creek Dr, Roseville, CA 95678",No Price,No Bed Info,No Phone
"Citra
745 S Bernardo Ave, Sunnyvale, CA 94087","745 S Bernardo Ave, Sunnyvale, CA 94087",No Price,No Bed Info,No Phone
"Talia at Maitland
6750 Woodlake Dr, Orlando, FL 32810","6750 Woodlake Dr, Orlando, FL 32810",No Price,No Bed Info,No Phone
"DESERT PEAKS
140 Shadow Mountain Dr, El Paso, TX 79912","140 Shadow Mountain Dr, El Paso, TX 79912",No Price,No Bed Info,No Phone
"Fountainhouse at Victorian Square
1400 Avenue Of The Oaks, Sparks, NV 89431","1400 Avenue Of The Oaks, Sparks, NV 89431",No Price,No Bed Info,No Phone
"Oak Brook Apartments
12499 Folsom Blvd, Rancho Cordova, CA 95742","12499 Folsom Blvd, Rancho Cordova, CA 95742",No Price,No Bed Info,No Phone
"Austin Commons
50 Austin Ave, Hayward, CA 94544","50 Austin Ave, Hayward, CA 94544",No Price,No Bed Info,No Phone
"Academy Lane Apartment Homes
1124 F St, Davis, CA 95616","1124 F St, Davis, CA 95616",No Price,No Bed Info,No Phone
"Isles
2000 Rydal Cir, Roseville, CA 95747","2000 Rydal Cir, Roseville, CA 95747",No Price,No Bed Info,No Phone
"Creekside Gardens
300 Bel Air Dr, Vacaville, CA 95687","300 Bel Air Dr, Vacaville, CA 95687",No Price,No Bed Info,No Phone
"Mountain View Apartments
1220 Monument Blvd, Concord, CA 94520","1220 Monument Blvd, Concord, CA 94520",No Price,No Bed Info,No Phone
"Summerhill Terrace
15267 Hesperian Blvd, San Leandro, CA 94578","15267 Hesperian Blvd, San Leandro, CA 94578",No Price,No Bed Info,No Phone
"Aspen Vista at Anchor Pointe
548 Aurora View Ct, Reno, NV 89506","548 Aurora View Ct, Reno, NV 89506",No Price,No Bed Info,No Phone
"The Blakely at Echo Lake
1140 N 192nd St, Shoreline, WA 98133","1140 N 192nd St, Shoreline, WA 98133",No Price,No Bed Info,No Phone
"Ascent Apartments
1030 S Chelton Rd, Colorado Springs, CO 80910","1030 S Chelton Rd, Colorado Springs, CO 80910",No Price,No Bed Info,No Phone
"Tides on Palm
1755 Palm St, Las Vegas, NV 89104","1755 Palm St, Las Vegas, NV 89104",No Price,No Bed Info,No Phone
"Traditions at Federal Way
31701 Pete Von Reichbauer Way, Federal Way, WA 98003","31701 Pete Von Reichbauer Way, Federal Way, WA 98003",No Price,No Bed Info,No Phone
"Stone Canyon
240 N Murray Blvd, Colorado Springs, CO 80916","240 N Murray Blvd, Colorado Springs, CO 80916",No Price,No Bed Info,No Phone
"Montebello at Summit Ridge
5200 Summit Ridge Dr, Reno, NV 89523","5200 Summit Ridge Dr, Reno, NV 89523",No Price,No Bed Info,No Phone
"GLENWOOD GARDEN
210 Calderon Ave, Mountain View, CA 94041","210 Calderon Ave, Mountain View, CA 94041",No Price,No Bed Info,No Phone
"Bay fka Bay Pointe
3866 Ingraham St, San Diego, CA 92109","3866 Ingraham St, San Diego, CA 92109",No Price,No Bed Info,No Phone
"Canyon Crossing
7595 Plump Jack Ln, Reno, NV 89506","7595 Plump Jack Ln, Reno, NV 89506",No Price,No Bed Info,No Phone
"Villagio Luxury Apartments
4101 Innovator Dr, Sacramento, CA 95834","4101 Innovator Dr, Sacramento, CA 95834",No Price,No Bed Info,No Phone
"VIDA LUXURY APARTMENTS
6900 Sharlands Ave, Reno, NV 89523","6900 Sharlands Ave, Reno, NV 89523",No Price,No Bed Info,No Phone
"Oakshade Commons
2120 Cowell Blvd, Davis, CA 95618","2120 Cowell Blvd, Davis, CA 95618",No Price,No Bed Info,No Phone
"Huning Castle Apartments
1500 Central Ave SW, Albuquerque, NM 87104","1500 Central Ave SW, Albuquerque, NM 87104",No Price,No Bed Info,No Phone
"El Macero Apartments
4735 Cowell Blvd, Davis, CA 95618","4735 Cowell Blvd, Davis, CA 95618",No Price,No Bed Info,No Phone
"Walnut Hill
1755 Trinity Ave, Walnut Creek, CA 94596","1755 Trinity Ave, Walnut Creek, CA 94596",No Price,No Bed Info,No Phone
"Ellington Apartments
4849 El Cemonte Ave, Davis, CA 95618","4849 El Cemonte Ave, Davis, CA 95618",No Price,No Bed Info,No Phone
"The Parc at Pruneyard
225 Union Ave, Campbell, CA 95008","225 Union Ave, Campbell, CA 95008",No Price,No Bed Info,No Phone
"Alira
4100 Innovator Dr, Sacramento, CA 95834","4100 Innovator Dr, Sacramento, CA 95834",No Price,No Bed Info,No Phone
"SEVILLE AT MACE RANCH
4501 Alhambra Dr, Davis, CA 95618","4501 Alhambra Dr, Davis, CA 95618",No Price,No Bed Info,No Phone
"Reseda Village Green
6610 Vanalden Ave, Reseda, CA 91335","6610 Vanalden Ave, Reseda, CA 91335",No Price,No Bed Info,No Phone
"THE GALLERY APARTMENT HOMES
7688 Blue Diamond Rd, Las Vegas, NV 89178","7688 Blue Diamond Rd, Las Vegas, NV 89178",No Price,No Bed Info,No Phone
"Alur
700 Locust St, Pasadena, CA 91101","700 Locust St, Pasadena, CA 91101",No Price,No Bed Info,No Phone
"Greenback Ridge
7566 Greenback Ln, Citrus Heights, CA 95610","7566 Greenback Ln, Citrus Heights, CA 95610",No Price,No Bed Info,No Phone
"Sedona Ridge Apartments
2713 Arlington Dr, Colorado Springs, CO 80910","2713 Arlington Dr, Colorado Springs, CO 80910",No Price,No Bed Info,No Phone
"The Carlson Apartments
2818 Airport Rd, Colorado Springs, CO 80910","2818 Airport Rd, Colorado Springs, CO 80910",No Price,No Bed Info,No Phone
"Windsor Ridge Apartments
9551 Butterfield Way, Sacramento, CA 95827","9551 Butterfield Way, Sacramento, CA 95827",No Price,No Bed Info,No Phone
"Tides on Avril
8841 Avril Ct N, Fort Worth, TX 76116","8841 Avril Ct N, Fort Worth, TX 76116",No Price,No Bed Info,No Phone
"The Reva
8123 Sunrise Blvd, Citrus Heights, CA 95610","8123 Sunrise Blvd, Citrus Heights, CA 95610",No Price,No Bed Info,No Phone
"Aero Place Apartments
3885 Lakehurst Dr, Colorado Springs, CO 80916","3885 Lakehurst Dr, Colorado Springs, CO 80916",No Price,No Bed Info,No Phone
"Terra Vida
4729 Manzanita Ave, Carmichael, CA 95608","4729 Manzanita Ave, Carmichael, CA 95608",No Price,No Bed Info,No Phone
"Tides at Highland Meadows
11330 Amanda Ln, Dallas, TX 75238","11330 Amanda Ln, Dallas, TX 75238",No Price,No Bed Info,No Phone
"Lion Villas
2550 S King Rd, San Jose, CA 95122","2550 S King Rd, San Jose, CA 95122",No Price,No Bed Info,No Phone
"Bayside at Coronado
1515 2nd St, Coronado, CA 92118","1515 2nd St, Coronado, CA 92118",No Price,No Bed Info,No Phone
"The Ridge
6208 NE 17th Ave, Vancouver, WA 98665","6208 NE 17th Ave, Vancouver, WA 98665",No Price,No Bed Info,No Phone
"Nova Apartment Homes
707-777 G St, San Diego, CA 92101","707-777 G St, San Diego, CA 92101",No Price,No Bed Info,No Phone
"Millenium Cove
4635 Cason Cove Dr, Orlando, FL 32811","4635 Cason Cove Dr, Orlando, FL 32811",No Price,No Bed Info,No Phone
"The Woods
6413 Tupelo Dr, Citrus Heights, CA 95621","6413 Tupelo Dr, Citrus Heights, CA 95621",No Price,No Bed Info,No Phone
"The Mod at Midtown
728 16th St, Sacramento, CA 95814","728 16th St, Sacramento, CA 95814",No Price,No Bed Info,No Phone
"Bella Vista at Hilltop
3400 Richmond Pky, Richmond, CA 94806","3400 Richmond Pky, Richmond, CA 94806",No Price,No Bed Info,No Phone
"Veranda La Jolla
3845 Nobel Dr, San Diego, CA 92122","3845 Nobel Dr, San Diego, CA 92122",No Price,No Bed Info,No Phone
"Stone Creek at Wekiva
534 Sun Valley Vlg, Altamonte Springs, FL 32714","534 Sun Valley Vlg, Altamonte Springs, FL 32714",No Price,No Bed Info,No Phone
"Koz on 13th
123 SE 13th Ave, Portland, OR 97214","123 SE 13th Ave, Portland, OR 97214",No Price,No Bed Info,No Phone
"Tides at 5400
5400 Boca Raton Blvd, Fort Worth, TX 76112","5400 Boca Raton Blvd, Fort Worth, TX 76112",No Price,No Bed Info,No Phone
"TIDES AT DESERT POINTE
764 E Twain Ave, Las Vegas, NV 89169","764 E Twain Ave, Las Vegas, NV 89169",No Price,No Bed Info,No Phone
"Tides at North Dallas
13250 Emily Rd, Dallas, TX 75240","13250 Emily Rd, Dallas, TX 75240",No Price,No Bed Info,No Phone
"DEL CORONADO
544 Central Ave, Alameda, CA 94501","544 Central Ave, Alameda, CA 94501",No Price,No Bed Info,No Phone
"The Taylor at Winter Park
2000 Village Ln, Winter Park, FL 32792","2000 Village Ln, Winter Park, FL 32792",No Price,No Bed Info,No Phone
"DOCK 59 APARTMENTS
1315 NW Johnson St, Portland, OR 97209","1315 NW Johnson St, Portland, OR 97209",No Price,No Bed Info,No Phone
"Tides On Twain
4455 E Twain Ave, Las Vegas, NV 89121","4455 E Twain Ave, Las Vegas, NV 89121",No Price,No Bed Info,No Phone
"Tides at Spring Mountain
3650 Stober Blvd, Las Vegas, NV 89103","3650 Stober Blvd, Las Vegas, NV 89103",No Price,No Bed Info,No Phone
"TIDES ON TROPICANA
4800 E Tropicana Ave, Las Vegas, NV 89121","4800 E Tropicana Ave, Las Vegas, NV 89121",No Price,No Bed Info,No Phone
"Tides at North Nellis
5024 Broken Sound Dr, Las Vegas, NV 89110","5024 Broken Sound Dr, Las Vegas, NV 89110",No Price,No Bed Info,No Phone
"Koz on Killingsworth
151 N Killingsworth St, Portland, OR 97217","151 N Killingsworth St, Portland, OR 97217",No Price,No Bed Info,No Phone
"Tides on Spencer
4801 Spencer St, Las Vegas, NV 89119","4801 Spencer St, Las Vegas, NV 89119",No Price,No Bed Info,No Phone
"Tides On Indios
3850 Mountain Vista St, Las Vegas, NV 89121","3850 Mountain Vista St, Las Vegas, NV 89121",No Price,No Bed Info,No Phone
"Canyon Village
6949 Laurel Canyon Blvd, North Hollywood, CA 91605","6949 Laurel Canyon Blvd, North Hollywood, CA 91605",No Price,No Bed Info,No Phone
"The Lido
6500 Yucca St, Hollywood, CA 90028","6500 Yucca St, Hollywood, CA 90028",No Price,No Bed Info,No Phone
"Westmoreland
500 S Westmoreland Ave, Los Angeles, CA 90020","500 S Westmoreland Ave, Los Angeles, CA 90020",No Price,No Bed Info,No Phone
"Georgetown Park
209 Luther Dr, Georgetown, TX 78628","209 Luther Dr, Georgetown, TX 78628",No Price,No Bed Info,No Phone
"Township Eastside
17310 SE Naegeli Dr, Portland, OR 97236","17310 SE Naegeli Dr, Portland, OR 97236",No Price,No Bed Info,No Phone
"Torcello (L03)
1633 E Bianchi Rd, Stockton, CA 95210","1633 E Bianchi Rd, Stockton, CA 95210",No Price,No Bed Info,No Phone
"Coral Gardens Apartments
601-605 Sorenson Rd, Hayward, CA 94544","601-605 Sorenson Rd, Hayward, CA 94544",No Price,No Bed Info,No Phone
"The Villas at Villaggio
2929 Floyd Ave, Modesto, CA 95355","2929 Floyd Ave, Modesto, CA 95355",No Price,No Bed Info,No Phone
"The Easton
5415 S Grove St, Rocklin, CA 95677","5415 S Grove St, Rocklin, CA 95677",No Price,No Bed Info,No Phone
"Cobble Oaks
12155 Tributary Point Dr, Gold River, CA 95670","12155 Tributary Point Dr, Gold River, CA 95670",No Price,No Bed Info,No Phone
"Tanglewood
1880 Cowell Blvd, Davis, CA 95618","1880 Cowell Blvd, Davis, CA 95618",No Price,No Bed Info,No Phone
"The Vela
351 E Valpico Rd, Tracy, CA 95376","351 E Valpico Rd, Tracy, CA 95376",No Price,No Bed Info,No Phone
"Allure at 2920
2920 Healthcare Way, Modesto, CA 95356","2920 Healthcare Way, Modesto, CA 95356",No Price,No Bed Info,No Phone
"Eight Mile House
2829 Breaker Way, Stockton, CA 95209","2829 Breaker Way, Stockton, CA 95209",No Price,No Bed Info,No Phone
"Villages of Patterson Triplexes
804 Eastwood Way, Patterson, CA 95363","804 Eastwood Way, Patterson, CA 95363",No Price,No Bed Info,No Phone
"Valencia South Miami
6001 SW 70th St, South Miami, FL 33143","6001 SW 70th St, South Miami, FL 33143",No Price,No Bed Info,No Phone
"Westwood Apartments
800 Adams St, Davis, CA 95616","800 Adams St, Davis, CA 95616",No Price,No Bed Info,No Phone
"Shasta Terrace
293 Shasta Dr, Vacaville, CA 95687","293 Shasta Dr, Vacaville, CA 95687",No Price,No Bed Info,No Phone
"North Main at Steel Ranch
1724 Steel St, Louisville, CO 80027","1724 Steel St, Louisville, CO 80027",No Price,No Bed Info,No Phone
"Montecito
5800 Harper Dr NE, Albuquerque, NM 87109","5800 Harper Dr NE, Albuquerque, NM 87109",No Price,No Bed Info,No Phone
"Stonelake
10270 E Taron Dr, Elk Grove, CA 95757","10270 E Taron Dr, Elk Grove, CA 95757",No Price,No Bed Info,No Phone
"Mission Bay Apartments
1703 Mission Bay Cir, Rockledge, FL 32955","1703 Mission Bay Cir, Rockledge, FL 32955",No Price,No Bed Info,No Phone
"Terraces at Stanford Ranch
3339 Marlee Way, Rocklin, CA 95677","3339 Marlee Way, Rocklin, CA 95677",No Price,No Bed Info,No Phone
"Alderwood Park Apartments
277 Junction Ave, Livermore, CA 94551","277 Junction Ave, Livermore, CA 94551",No Price,No Bed Info,No Phone
"Waterford Cove
7650 Windbridge Dr, Sacramento, CA 95831","7650 Windbridge Dr, Sacramento, CA 95831",No Price,No Bed Info,No Phone
"Revere Campbell
1725 S Bascom Ave, Campbell, CA 95008","1725 S Bascom Ave, Campbell, CA 95008",No Price,No Bed Info,No Phone
"BASE APARTMENT HOMES
8600 N Grand Canyon Dr, Las Vegas, NV 89166","8600 N Grand Canyon Dr, Las Vegas, NV 89166",No Price,No Bed Info,No Phone
"Vida Townhomes
234 S Tradition Street, Mountain House, CA 95391","234 S Tradition Street, Mountain House, CA 95391",No Price,No Bed Info,No Phone
"ASHFORD PARK
132 Fountain Oaks Cir, Sacramento, CA 95831","132 Fountain Oaks Cir, Sacramento, CA 95831",No Price,No Bed Info,No Phone
"MARTIN APARTMENT HOMES
6655 S Fort Apache, Las Vegas, NV 89148","6655 S Fort Apache, Las Vegas, NV 89148",No Price,No Bed Info,No Phone
"Cielo Alameda
6201 Oakland Ave NE, Albuquerque, NM 87113","6201 Oakland Ave NE, Albuquerque, NM 87113",No Price,No Bed Info,No Phone
"Market Club at The Mill
2630 5th St, Sacramento, CA 95818","2630 5th St, Sacramento, CA 95818",No Price,No Bed Info,No Phone
"1801 L
1801 L St, Sacramento, CA 95811","1801 L St, Sacramento, CA 95811",No Price,No Bed Info,No Phone
"MONTECITO VILLAS
2400 Sierra Blvd, Sacramento, CA 95825","2400 Sierra Blvd, Sacramento, CA 95825",No Price,No Bed Info,No Phone
"The Lock at Flatirons
460 Flatiron Blvd, Broomfield, CO 80021","460 Flatiron Blvd, Broomfield, CO 80021",No Price,No Bed Info,No Phone
"Mode
1945 Bell St, Sacramento, CA 95825","1945 Bell St, Sacramento, CA 95825",No Price,No Bed Info,No Phone
"Glenoaks Gardens
8601 Glenoaks Blvd, Sun Valley, CA 91352","8601 Glenoaks Blvd, Sun Valley, CA 91352",No Price,No Bed Info,No Phone
"Marin at Harvard
695 Short Hills Ln, Melbourne, FL 32905","695 Short Hills Ln, Melbourne, FL 32905",No Price,No Bed Info,No Phone
"La Provence
230 Cadillac Dr, Sacramento, CA 95825","230 Cadillac Dr, Sacramento, CA 95825",No Price,No Bed Info,No Phone
"Koz on 4th
2211 SW 4th Ave, Portland, OR 97201","2211 SW 4th Ave, Portland, OR 97201",No Price,No Bed Info,No Phone
"THE MANSION
1517 H St, Sacramento, CA 95814","1517 H St, Sacramento, CA 95814",No Price,No Bed Info,No Phone
"Eaton Village
100 Penzance Ave, Chico, CA 95973","100 Penzance Ave, Chico, CA 95973",No Price,No Bed Info,No Phone
"The Landing at Channel Islands
3650 Ketch Ave, Oxnard, CA 93035","3650 Ketch Ave, Oxnard, CA 93035",No Price,No Bed Info,No Phone
"Fremont Arms
37811 Fremont Blvd, Fremont, CA 94536","37811 Fremont Blvd, Fremont, CA 94536",No Price,No Bed Info,No Phone
"The Lenox
400 Santa Alicia Dr, Rohnert Park, CA 94928","400 Santa Alicia Dr, Rohnert Park, CA 94928",No Price,No Bed Info,No Phone
"Kirker Creek
1000 Pheasant Dr, Pittsburg, CA 94565","1000 Pheasant Dr, Pittsburg, CA 94565",No Price,No Bed Info,No Phone
"The Meadows
7677 Greenback Ln, Citrus Heights, CA 95610","7677 Greenback Ln, Citrus Heights, CA 95610",No Price,No Bed Info,No Phone
"PINEBROOK APTS
35995 Fremont Blvd, Fremont, CA 94536","35995 Fremont Blvd, Fremont, CA 94536",No Price,No Bed Info,No Phone
"Housing Hilltop
1111 S L St, Tacoma, WA 98405","1111 S L St, Tacoma, WA 98405",No Price,No Bed Info,No Phone
"The Ashton
2178 Stoneridge Dr, Corona, CA 92879","2178 Stoneridge Dr, Corona, CA 92879",No Price,No Bed Info,No Phone
"Santa Lucia
604 Leslie Dr, Salinas, CA 93906","604 Leslie Dr, Salinas, CA 93906",No Price,No Bed Info,No Phone
"Bryant Manor
1801 E Yesler Way, Seattle, WA 98122","1801 E Yesler Way, Seattle, WA 98122",No Price,No Bed Info,No Phone
"Windstone
1011-1211 128th St SW, Everett, WA 98204","1011-1211 128th St SW, Everett, WA 98204",No Price,No Bed Info,No Phone
"North 49 Apartments
4975 El Camino Dr, Colorado Springs, CO 80918","4975 El Camino Dr, Colorado Springs, CO 80918",No Price,No Bed Info,No Phone
"Terre at 1037 Peach fka Peach Avenue
1037 Peach Ave, El Cajon, CA 92021","1037 Peach Ave, El Cajon, CA 92021",No Price,No Bed Info,No Phone
"Cherry Blossom
924 Mangrove Ave, Sunnyvale, CA 94086","924 Mangrove Ave, Sunnyvale, CA 94086",No Price,No Bed Info,No Phone
"Lincoln Gardens Apartments
1802 F St, Napa, CA 94559","1802 F St, Napa, CA 94559",No Price,No Bed Info,No Phone
"PARK PLACE - RENO
6161 Stone Valley Dr, Reno, NV 89523","6161 Stone Valley Dr, Reno, NV 89523",No Price,No Bed Info,No Phone
"Ellinwood Apartments
400 Longbrook Way, Pleasant Hill, CA 94523","400 Longbrook Way, Pleasant Hill, CA 94523",No Price,No Bed Info,No Phone
"The Timbers by Vintage
8510 212th St NE, Arlington, WA 98223","8510 212th St NE, Arlington, WA 98223",No Price,No Bed Info,No Phone
"The Hills at Fashion Valley fka Fashion Hi...
2125 Westinghouse St, San Diego, CA 92111","2125 Westinghouse St, San Diego, CA 92111",No Price,No Bed Info,No Phone
"VINTAGE AT MILL CREEK
4111 133rd St SE, Mill Creek, WA 98012","4111 133rd St SE, Mill Creek, WA 98012",No Price,No Bed Info,No Phone
"SERRANO HIGHLANDS APARTMENT HOMES
25421 Alta Loma, Lake Forest, CA 92630","25421 Alta Loma, Lake Forest, CA 92630",No Price,No Bed Info,No Phone
"Garnet Creek
5002 Jewel St, Rocklin, CA 95677","5002 Jewel St, Rocklin, CA 95677",No Price,No Bed Info,No Phone
"Azara San Mateo
1650 S Delaware St, San Mateo, CA 94402","1650 S Delaware St, San Mateo, CA 94402",No Price,No Bed Info,No Phone
"THE EASTWOOD
2904 Swisher St, Austin, TX 78705","2904 Swisher St, Austin, TX 78705",No Price,No Bed Info,No Phone
"Water's Edge Apartments
5959 Riverside Blvd, Sacramento, CA 95831","5959 Riverside Blvd, Sacramento, CA 95831",No Price,No Bed Info,No Phone
"Riverstone
7459 Rush River Dr, Sacramento, CA 95831","7459 Rush River Dr, Sacramento, CA 95831",No Price,No Bed Info,No Phone
"Panorama
1100 University St, Seattle, WA 98101","1100 University St, Seattle, WA 98101",No Price,No Bed Info,No Phone
"Somerset Apartments
3185 Contra Loma Blvd, Antioch, CA 94509","3185 Contra Loma Blvd, Antioch, CA 94509",No Price,No Bed Info,No Phone
"The Reserve Rohnert Park
5121 Dowdell Ave, Rohnert Park, CA 94928","5121 Dowdell Ave, Rohnert Park, CA 94928",No Price,No Bed Info,No Phone
"Marina Plaza
2777 Marina Blvd, San Leandro, CA 94577","2777 Marina Blvd, San Leandro, CA 94577",No Price,No Bed Info,No Phone
"PINNACLE AT GALLERIA
1100 Roseville Pky, Roseville, CA 95678","1100 Roseville Pky, Roseville, CA 95678",No Price,No Bed Info,No Phone
"The Amesbury
13739 Linden Ave N, Seattle, WA 98133","13739 Linden Ave N, Seattle, WA 98133",No Price,No Bed Info,No Phone
"Lotus Apartments / L87
3979 Alhambra Ave, Martinez, CA 94553","3979 Alhambra Ave, Martinez, CA 94553",No Price,No Bed Info,No Phone
"San Marco
1500 San Marco Dr, Ormond Beach, FL 32174","1500 San Marco Dr, Ormond Beach, FL 32174",No Price,No Bed Info,No Phone
"Maple Knoll Apartments
1824 NE 104th Loop, Vancouver, WA 98686","1824 NE 104th Loop, Vancouver, WA 98686",No Price,No Bed Info,No Phone
"Sunpointe
23900 SE Stark St, Gresham, OR 97030","23900 SE Stark St, Gresham, OR 97030",No Price,No Bed Info,No Phone
"Castaic Lake Senior Apartments
31990 Castaic Rd, Castaic, CA 91384","31990 Castaic Rd, Castaic, CA 91384",No Price,No Bed Info,No Phone
"The Arlo
6011 Shadow Ln, Citrus Heights, CA 95621","6011 Shadow Ln, Citrus Heights, CA 95621",No Price,No Bed Info,No Phone
"Vista Creek Apartments
22432 Center St, Castro Valley, CA 94546","22432 Center St, Castro Valley, CA 94546",No Price,No Bed Info,No Phone
"Peppertree Apartments
2811 McKee Rd, San Jose, CA 95127","2811 McKee Rd, San Jose, CA 95127",No Price,No Bed Info,No Phone
"GATEWAY APARTMENTS
888 Davis St, San Leandro, CA 94577","888 Davis St, San Leandro, CA 94577",No Price,No Bed Info,No Phone
"Alvista Lake Meridian
14901 SE 272nd St, Kent, WA 98042","14901 SE 272nd St, Kent, WA 98042",No Price,No Bed Info,No Phone
"SYCAMORE LANE APARTMENT HOMES
25162 Charlinda Dr, Mission Viejo, CA 92691","25162 Charlinda Dr, Mission Viejo, CA 92691",No Price,No Bed Info,No Phone
"The Vintage at Arlington Senior Apartments
625 S Stillaguamish Ave, Arlington, WA 98223","625 S Stillaguamish Ave, Arlington, WA 98223",No Price,No Bed Info,No Phone
"Seabridge at Glen Cove
1 Spyglass Pky, Vallejo, CA 94591","1 Spyglass Pky, Vallejo, CA 94591",No Price,No Bed Info,No Phone
"Creekside Park Apartments
2632-2658 1st St, Napa, CA 94558","2632-2658 1st St, Napa, CA 94558",No Price,No Bed Info,No Phone
"Las Ventanas
3819 Vineyard Ave, Pleasanton, CA 94566","3819 Vineyard Ave, Pleasanton, CA 94566",No Price,No Bed Info,No Phone
"Oslo
11501 Washington St, Northglenn, CO 80233","11501 Washington St, Northglenn, CO 80233",No Price,No Bed Info,No Phone
"The Everette
3300 Parkside Dr, Rocklin, CA 95677","3300 Parkside Dr, Rocklin, CA 95677",No Price,No Bed Info,No Phone
"Villas
3917 Conrad Dr, Spring Valley, CA 91977","3917 Conrad Dr, Spring Valley, CA 91977",No Price,No Bed Info,No Phone
"Terra
2111 SW 352nd St, Federal Way, WA 98023","2111 SW 352nd St, Federal Way, WA 98023",No Price,No Bed Info,No Phone
"Ageno Apartments
1001-1097 Westwind St, Livermore, CA 94550","1001-1097 Westwind St, Livermore, CA 94550",No Price,No Bed Info,No Phone
"Royal Gardens Apartments
434 Junction Ave, Livermore, CA 94551","434 Junction Ave, Livermore, CA 94551",No Price,No Bed Info,No Phone
"The Mews at Dixon Farm
1340 W H St, Dixon, CA 95620","1340 W H St, Dixon, CA 95620",No Price,No Bed Info,No Phone
"Blix32 Apartments
10834 Blix St, Toluca Lake, CA 91602","10834 Blix St, Toluca Lake, CA 91602",No Price,No Bed Info,No Phone
"High Range Village
301 N Roadrunner Pky, Las Cruces, NM 88011","301 N Roadrunner Pky, Las Cruces, NM 88011",No Price,No Bed Info,No Phone
"Stadium Station
737 SW 17th Ave, Portland, OR 97205","737 SW 17th Ave, Portland, OR 97205",No Price,No Bed Info,No Phone
"Ryan Tower
120 W 3rd Ave, San Mateo, CA 94402","120 W 3rd Ave, San Mateo, CA 94402",No Price,No Bed Info,No Phone
"TRACY PARK
2800 N Tracy Blvd, Tracy, CA 95376","2800 N Tracy Blvd, Tracy, CA 95376",No Price,No Bed Info,No Phone
"Marina Haven Apartments
2712 Marina Blvd, San Leandro, CA 94577","2712 Marina Blvd, San Leandro, CA 94577",No Price,No Bed Info,No Phone
"Vintage at Holly Village Seniors
9615 Holly Dr, Everett, WA 98204","9615 Holly Dr, Everett, WA 98204",No Price,No Bed Info,No Phone
"VASARI LUXURY APARTMENT HOMES
8117 Sheldon Rd, Elk Grove, CA 95758","8117 Sheldon Rd, Elk Grove, CA 95758",No Price,No Bed Info,No Phone
"Rica Vista
1825 Poggi St, Alameda, CA 94501","1825 Poggi St, Alameda, CA 94501",No Price,No Bed Info,No Phone
"Terre at 989 Peach fka Tierra del Sol
989 Peach Ave, El Cajon, CA 92021","989 Peach Ave, El Cajon, CA 92021",No Price,No Bed Info,No Phone
"Stoneridge Luxury Apartments
101 Hogan Ct, Walnut Creek, CA 94598","101 Hogan Ct, Walnut Creek, CA 94598",No Price,No Bed Info,No Phone
"Riverside Park Apartments
14 Park St, Reno, NV 89502","14 Park St, Reno, NV 89502",No Price,No Bed Info,No Phone
"The Meridian
653 Monument Rd, Jacksonville, FL 32225","653 Monument Rd, Jacksonville, FL 32225",No Price,No Bed Info,No Phone
"Mira Bella
40300 Washington St, Bermuda Dunes, CA 92203","40300 Washington St, Bermuda Dunes, CA 92203",No Price,No Bed Info,No Phone
"Andante
3031 NE 137th St, Seattle, WA 98125","3031 NE 137th St, Seattle, WA 98125",No Price,No Bed Info,No Phone
"Troutdale Terrace
639 SW 257th Ave, Troutdale, OR 97060","639 SW 257th Ave, Troutdale, OR 97060",No Price,No Bed Info,No Phone
"Manchester Court
2200 Standiford Ave, Modesto, CA 95350","2200 Standiford Ave, Modesto, CA 95350",No Price,No Bed Info,No Phone
"Jackson Flats
24900 Santa Clara St, Hayward, CA 94544","24900 Santa Clara St, Hayward, CA 94544",No Price,No Bed Info,No Phone
"Woodstream Townhomes
6115 Brookside Cir, Rocklin, CA 95677","6115 Brookside Cir, Rocklin, CA 95677",No Price,No Bed Info,No Phone
"Ramblewood Apartments
38800 Hastings St, Fremont, CA 94536","38800 Hastings St, Fremont, CA 94536",No Price,No Bed Info,No Phone
"Solimar Luxury Homes
1500 W Pacific Coast Hwy, Wilmington, CA 90744","1500 W Pacific Coast Hwy, Wilmington, CA 90744",No Price,No Bed Info,No Phone
"Metro Fremont
4444 Hansen Ave, Fremont, CA 94536","4444 Hansen Ave, Fremont, CA 94536",No Price,No Bed Info,No Phone
"Hidden Oaks Apartments
4255-4545 NE 125th Pl, Portland, OR 97230","4255-4545 NE 125th Pl, Portland, OR 97230",No Price,No Bed Info,No Phone
"Fountains at Emerald Park
5095 Haven Pl, Dublin, CA 94568","5095 Haven Pl, Dublin, CA 94568",No Price,No Bed Info,No Phone
"Bayfair
16077 Ashland Ave, San Lorenzo, CA 94580","16077 Ashland Ave, San Lorenzo, CA 94580",No Price,No Bed Info,No Phone
"Pentagon Apartments
37950 Fremont Blvd, Fremont, CA 94536","37950 Fremont Blvd, Fremont, CA 94536",No Price,No Bed Info,No Phone
"Crown Ridge Apartments
3925 Scenic Dr, Modesto, CA 95355","3925 Scenic Dr, Modesto, CA 95355",No Price,No Bed Info,No Phone
"LAUREL GLEN
574 Button Ave, Manteca, CA 95336","574 Button Ave, Manteca, CA 95336",No Price,No Bed Info,No Phone
"Park Haven
2323 Fairfield Ave, Fairfield, CA 94533","2323 Fairfield Ave, Fairfield, CA 94533",No Price,No Bed Info,No Phone
"QUINN BY VINTAGE
20057 Ballinger Way NE, Shoreline, WA 98155","20057 Ballinger Way NE, Shoreline, WA 98155",No Price,No Bed Info,No Phone
"POLARIS AT SEATAC
15300 33rd Ave S, SeaTac, WA 98188","15300 33rd Ave S, SeaTac, WA 98188",No Price,No Bed Info,No Phone
"Arpeggio
325 E Cordova St, Pasadena, CA 91101","325 E Cordova St, Pasadena, CA 91101",No Price,No Bed Info,No Phone
"Lucia
9128 Burke St, Pico Rivera, CA 90660","9128 Burke St, Pico Rivera, CA 90660",No Price,No Bed Info,No Phone
"Bloom Beverly Hills
8560 W Olympic Blvd, Los Angeles, CA 90035","8560 W Olympic Blvd, Los Angeles, CA 90035",No Price,No Bed Info,No Phone
"Brookwood Villas
1885 San Remo Dr, Corona, CA 92882","1885 San Remo Dr, Corona, CA 92882",No Price,No Bed Info,No Phone
"Quail Run Apartments
701 SE 139th Ave, Vancouver, WA 98683","701 SE 139th Ave, Vancouver, WA 98683",No Price,No Bed Info,No Phone
"Cameron Oaks
2640 Cambridge Rd, Cameron Park, CA 95682","2640 Cambridge Rd, Cameron Park, CA 95682",No Price,No Bed Info,No Phone
"Junction Flats
816-822 W A St, Hayward, CA 94541","816-822 W A St, Hayward, CA 94541",No Price,No Bed Info,No Phone
"Pacific Villas at Shelly Court
4550 Shelley Ct, Stockton, CA 95207","4550 Shelley Ct, Stockton, CA 95207",No Price,No Bed Info,No Phone
"Polaris at Lake City
12548 Lake City Way NE, Seattle, WA 98125","12548 Lake City Way NE, Seattle, WA 98125",No Price,No Bed Info,No Phone
"Park Sorrento
2731 Bernard St, Bakersfield, CA 93306","2731 Bernard St, Bakersfield, CA 93306",No Price,No Bed Info,No Phone
"Mar at Seaside fka Nimitz Pointe A2104001854
2401 Seaside St, San Diego, CA 92107","2401 Seaside St, San Diego, CA 92107",No Price,No Bed Info,No Phone
"Whisperwood Apartments
11844 26th Ave S, Seattle, WA 98168","11844 26th Ave S, Seattle, WA 98168",No Price,No Bed Info,No Phone
"Vintage at Spanish Springs
2 Gary Hall Way, Sparks, NV 89441","2 Gary Hall Way, Sparks, NV 89441",No Price,No Bed Info,No Phone
"Copper Platte
1750 Greeley Mall St, Greeley, CO 80631","1750 Greeley Mall St, Greeley, CO 80631",No Price,No Bed Info,No Phone
"THE MARINA APARTMENTS
2700 Marina Dr, Modesto, CA 95355","2700 Marina Dr, Modesto, CA 95355",No Price,No Bed Info,No Phone
"SCHOONER LANDING
7100 Shoreline Dr, Stockton, CA 95219","7100 Shoreline Dr, Stockton, CA 95219",No Price,No Bed Info,No Phone
"BRIDLE PATH PLACE APARTMENTS
1619 Bridle Path, Stockton, CA 95210","1619 Bridle Path, Stockton, CA 95210",No Price,No Bed Info,No Phone
"Fort Vancouver Terrace
4710 Plomondon St, Vancouver, WA 98661","4710 Plomondon St, Vancouver, WA 98661",No Price,No Bed Info,No Phone
"THE VILLAGE AT SOTA
2325 S 96th St, Tacoma, WA 98444","2325 S 96th St, Tacoma, WA 98444",No Price,No Bed Info,No Phone
"Koz on Broadway
1020 N Broadway Ave, Everett, WA 98201","1020 N Broadway Ave, Everett, WA 98201",No Price,No Bed Info,No Phone
"Palmetto Ridge Estates
1202 Prairie Ln, Titusville, FL 32780","1202 Prairie Ln, Titusville, FL 32780",No Price,No Bed Info,No Phone
"Emerald Hills
855-877 W El Repetto Dr, Monterey Park, CA 91754","855-877 W El Repetto Dr, Monterey Park, CA 91754",No Price,No Bed Info,No Phone
"Whittell Pointe I and II
1855 Selmi Dr, Reno, NV 89512","1855 Selmi Dr, Reno, NV 89512",No Price,No Bed Info,No Phone
"PARK HILL/GREENTREE APARTMENTS
12511 69th Ave, Seattle, WA 98178","12511 69th Ave, Seattle, WA 98178",No Price,No Bed Info,No Phone
"The Cooper
730 Via de Luna, Via, Corona, CA 92882","730 Via de Luna, Via, Corona, CA 92882",No Price,No Bed Info,No Phone
"Hidden Valley
5065 Hidden Park Ct, Simi Valley, CA 93063","5065 Hidden Park Ct, Simi Valley, CA 93063",No Price,No Bed Info,No Phone
"MILEPOST 5
850-900 NE 81st Ave, Portland, OR 97213","850-900 NE 81st Ave, Portland, OR 97213",No Price,No Bed Info,No Phone
"Richfield Place Apartments
6001 Grammarcy Cir, Richmond, VA 23227","6001 Grammarcy Cir, Richmond, VA 23227",No Price,No Bed Info,No Phone
"Carolina Club
100 Carolina Lake Dr, Daytona Beach, FL 32114","100 Carolina Lake Dr, Daytona Beach, FL 32114",No Price,No Bed Info,No Phone
"Casitas Apartments
1900 S Campus Ave, Ontario, CA 91761","1900 S Campus Ave, Ontario, CA 91761",No Price,No Bed Info,No Phone
"Zephyr Pointe
10640 N McCarran Blvd, Reno, NV 89503","10640 N McCarran Blvd, Reno, NV 89503",No Price,No Bed Info,No Phone
"Ping Yuen Senior Community - 55 years +
420 I St, Sacramento, CA 95814","420 I St, Sacramento, CA 95814",No Price,No Bed Info,No Phone
"Alamo Garden Apartments - Income Restrictions
1501 Alamo Dr, Vacaville, CA 95687","1501 Alamo Dr, Vacaville, CA 95687",No Price,No Bed Info,No Phone
"Iron Horse Apartments
2506 Country Club Blvd, Stockton, CA 95204","2506 Country Club Blvd, Stockton, CA 95204",No Price,No Bed Info,No Phone
"The Ridge at Sun Valley
5100 W 1st Ave, Sun Valley, NV 89433","5100 W 1st Ave, Sun Valley, NV 89433",No Price,No Bed Info,No Phone
"Copper Rose
5923 Tutt Blvd, Colorado Springs, CO 80923","5923 Tutt Blvd, Colorado Springs, CO 80923",No Price,No Bed Info,No Phone
"Granite Creek Apartments
1501 Cobble Creek Cir, Rocklin, CA 95677","1501 Cobble Creek Cir, Rocklin, CA 95677",No Price,No Bed Info,No Phone
"THE MILLER
202-210 Tacoma Ave S, Tacoma, WA 98402","202-210 Tacoma Ave S, Tacoma, WA 98402",No Price,No Bed Info,No Phone
"Arcadia Townhomes
4499 S 1930 W, Roy, UT 84067","4499 S 1930 W, Roy, UT 84067",No Price,No Bed Info,No Phone
"Alder Walk
7722 176th St E, Puyallup, WA 98375","7722 176th St E, Puyallup, WA 98375",No Price,No Bed Info,No Phone
"The Village Apartments
3661 River Rd N, Keizer, OR 97303","3661 River Rd N, Keizer, OR 97303",No Price,No Bed Info,No Phone
"Sommerhill Townhouses
30 Novato St, San Rafael, CA 94901","30 Novato St, San Rafael, CA 94901",No Price,No Bed Info,No Phone
"Foxborough
7795 Antelope Rd, Citrus Heights, CA 95610","7795 Antelope Rd, Citrus Heights, CA 95610",No Price,No Bed Info,No Phone
"MAKER
1516 S St, Sacramento, CA 95811","1516 S St, Sacramento, CA 95811",No Price,No Bed Info,No Phone
"Residences at 3295
3295 SW Avalon Way, Seattle, WA 98126","3295 SW Avalon Way, Seattle, WA 98126",No Price,No Bed Info,No Phone
"LUELLA
1208 Q St, Sacramento, CA 95811","1208 Q St, Sacramento, CA 95811",No Price,No Bed Info,No Phone
"Vue Issaquah
906 NE Lilac St, Issaquah, WA 98029","906 NE Lilac St, Issaquah, WA 98029",No Price,No Bed Info,No Phone
"Baywoods
2005 San Jose Dr, Antioch, CA 94509","2005 San Jose Dr, Antioch, CA 94509",No Price,No Bed Info,No Phone
"Terra Camarillo
555 Rosewood Ave, Camarillo, CA 93010","555 Rosewood Ave, Camarillo, CA 93010",No Price,No Bed Info,No Phone
"Bella Sonoma
2301 62nd Ave E, Fife, WA 98424","2301 62nd Ave E, Fife, WA 98424",No Price,No Bed Info,No Phone
"Mila Sherman Oaks
5135 Coldwater Canyon Ave, Sherman Oaks, CA 91423","5135 Coldwater Canyon Ave, Sherman Oaks, CA 91423",No Price,No Bed Info,No Phone
"REALM APARTMENTS
1545 San Antonio Ave, Menlo Park, CA 94025","1545 San Antonio Ave, Menlo Park, CA 94025",No Price,No Bed Info,No Phone
"Bart Plaza
20881 Wilbeam Ave, Castro Valley, CA 94546","20881 Wilbeam Ave, Castro Valley, CA 94546",No Price,No Bed Info,No Phone
"Vintage at Lakewood Seniors
2203 172nd St NE, Marysville, WA 98271","2203 172nd St NE, Marysville, WA 98271",No Price,No Bed Info,No Phone
"Terraces at the Summit
14556 Magnolia Blvd, Sherman Oaks, CA 91403","14556 Magnolia Blvd, Sherman Oaks, CA 91403",No Price,No Bed Info,No Phone
"The Edge at Lakewood
1401 Lakewood Ave, Modesto, CA 95355","1401 Lakewood Ave, Modesto, CA 95355",No Price,No Bed Info,No Phone
"The Valencia
1101 N Camino Alto, Vallejo, CA 94589","1101 N Camino Alto, Vallejo, CA 94589",No Price,No Bed Info,No Phone
"Park Capitol Apartment Homes
215 N Main St, Salt Lake City, UT 84103","215 N Main St, Salt Lake City, UT 84103",No Price,No Bed Info,No Phone
"Creekside Terrace
1390 Creekside Dr, Walnut Creek, CA 94596","1390 Creekside Dr, Walnut Creek, CA 94596",No Price,No Bed Info,No Phone
"Whispering Woods
2501 Prescott Rd, Modesto, CA 95350","2501 Prescott Rd, Modesto, CA 95350",No Price,No Bed Info,No Phone
"Avery at Moorpark
4767 Moorpark Ave, Moorpark, CA 93021","4767 Moorpark Ave, Moorpark, CA 93021",No Price,No Bed Info,No Phone
"787 The Alameda
787 The Alameda, San Jose, CA 95126","787 The Alameda, San Jose, CA 95126",No Price,No Bed Info,No Phone
"VINTAGE AT TACOMA
4023 S Lawrence St, Tacoma, WA 98409","4023 S Lawrence St, Tacoma, WA 98409",No Price,No Bed Info,No Phone
"QUILCEDA CREEK
12115 State Ave NE, Marysville, WA 98271","12115 State Ave NE, Marysville, WA 98271",No Price,No Bed Info,No Phone
"Quailwood Apartments
4926 Grouse Run Dr, Stockton, CA 95207","4926 Grouse Run Dr, Stockton, CA 95207",No Price,No Bed Info,No Phone
"THE MEADOWS BY VINTAGE
355 Meadowbrook Ct, Bellingham, WA 98226","355 Meadowbrook Ct, Bellingham, WA 98226",No Price,No Bed Info,No Phone
"Americana Apartments
4757 Snyder Ln, Rohnert Park, CA 94928","4757 Snyder Ln, Rohnert Park, CA 94928",No Price,No Bed Info,No Phone
"Harbor Isle
8429 Mariners Dr, Stockton, CA 95219","8429 Mariners Dr, Stockton, CA 95219",No Price,No Bed Info,No Phone
"Southern Highlands
2525 Highland Ave, National City, CA 91950","2525 Highland Ave, National City, CA 91950",No Price,No Bed Info,No Phone
"Wolf Ridge
1301-1371 E Santiam St, Stayton, OR 97383","1301-1371 E Santiam St, Stayton, OR 97383",No Price,No Bed Info,No Phone
"Silvey Villas Senior Living
2105 Mourning Dove Dr, Dixon, CA 95620","2105 Mourning Dove Dr, Dixon, CA 95620",No Price,No Bed Info,No Phone
"Olive Ranch Apartments
95 Tuscany Blvd, Oroville, CA 95965","95 Tuscany Blvd, Oroville, CA 95965",No Price,No Bed Info,No Phone
"WESTPOINTE APARTMENTS
6465 West Ln, Stockton, CA 95210","6465 West Ln, Stockton, CA 95210",No Price,No Bed Info,No Phone
"Cypress Trace Apartments
741 Providence Trace Cir, Brandon, FL 33511","741 Providence Trace Cir, Brandon, FL 33511",No Price,No Bed Info,No Phone
"Covina Grand
1160 N Conwell Ave, Covina, CA 91722","1160 N Conwell Ave, Covina, CA 91722",No Price,No Bed Info,No Phone
"Olive Ranch Senior Apartment Homes
135 Tuscany Dr, Oroville, CA 95965","135 Tuscany Dr, Oroville, CA 95965",No Price,No Bed Info,No Phone
"The Residences at Brookside
3939 N Pershing Ave, Stockton, CA 95207","3939 N Pershing Ave, Stockton, CA 95207",No Price,No Bed Info,No Phone
"Fair Oaks Senior
12057 Fair Oaks Blvd, Fair Oaks, CA 95628","12057 Fair Oaks Blvd, Fair Oaks, CA 95628",No Price,No Bed Info,No Phone
"Valle at Park
151 Gayland St, Escondido, CA 92027","151 Gayland St, Escondido, CA 92027",No Price,No Bed Info,No Phone
"Cadillac Flats
234 Soscol Ave, Napa, CA 94559","234 Soscol Ave, Napa, CA 94559",No Price,No Bed Info,No Phone
"Mia Palo Alto
535 Everett Ave, Palo Alto, CA 94301","535 Everett Ave, Palo Alto, CA 94301",No Price,No Bed Info,No Phone
"Towpath Village
3300 Soscol Ave, Napa, CA 94558","3300 Soscol Ave, Napa, CA 94558",No Price,No Bed Info,No Phone
"RISE APARTMENT HOMES
8180 S Rainbow Blvd, Las Vegas, NV 89139","8180 S Rainbow Blvd, Las Vegas, NV 89139",No Price,No Bed Info,No Phone
"Valle at Escondido
1204 N Escondido Blvd, Escondido, CA 92026","1204 N Escondido Blvd, Escondido, CA 92026",No Price,No Bed Info,No Phone
"Terre at Ballantyne
542 Ballantyne St, El Cajon, CA 92020","542 Ballantyne St, El Cajon, CA 92020",No Price,No Bed Info,No Phone
"SOLANA APARTMENT HOMES
8960 Post Rd, Las Vegas, NV 89148","8960 Post Rd, Las Vegas, NV 89148",No Price,No Bed Info,No Phone
"Village at Vintage Ranch
100 Toscana Dr, American Canyon, CA 94503","100 Toscana Dr, American Canyon, CA 94503",No Price,No Bed Info,No Phone
"Terre at S Lincoln
415 S Lincoln Ave, El Cajon, CA 92020","415 S Lincoln Ave, El Cajon, CA 92020",No Price,No Bed Info,No Phone
"Valle at 9209 Kenwood
9209-9215 Kenwood Dr, Spring Valley, CA 91977","9209-9215 Kenwood Dr, Spring Valley, CA 91977",No Price,No Bed Info,No Phone
"Traditions at Lafayette(55+ Community)
2500 S Public Rd, Lafayette, CO 80026","2500 S Public Rd, Lafayette, CO 80026",No Price,No Bed Info,No Phone
"State
4981 Catoctin Dr, San Diego, CA 92115","4981 Catoctin Dr, San Diego, CA 92115",No Price,No Bed Info,No Phone
"ARISTA APARTMENT HOMES
375 E Starr Ave, Las Vegas, NV 89183","375 E Starr Ave, Las Vegas, NV 89183",No Price,No Bed Info,No Phone
"Terre at E Park fka Town Plaza
311 Ballantyne St, El Cajon, CA 92020","311 Ballantyne St, El Cajon, CA 92020",No Price,No Bed Info,No Phone
"Penthouses at Capitol Park
1127 15th St, Sacramento, CA 95814","1127 15th St, Sacramento, CA 95814",No Price,No Bed Info,No Phone
"Palms fka Riviera de Ville
3235-3265 Armstrong St, San Diego, CA 92111","3235-3265 Armstrong St, San Diego, CA 92111",No Price,No Bed Info,No Phone
"PARK VUE
2001 Piner Rd, Santa Rosa, CA 95403","2001 Piner Rd, Santa Rosa, CA 95403",No Price,No Bed Info,No Phone
"Bella Vista
713 Trancas St, Napa, CA 94558","713 Trancas St, Napa, CA 94558",No Price,No Bed Info,No Phone
"PARKSIDE VILLAS APARTMENT HOMES
8400 S Maryland Pky, Las Vegas, NV 89123","8400 S Maryland Pky, Las Vegas, NV 89123",No Price,No Bed Info,No Phone
"The Terraces at Stanford Ranch II
6122 Plaza Loop, Rocklin, CA 95765","6122 Plaza Loop, Rocklin, CA 95765",No Price,No Bed Info,No Phone
"EVERETT APARTMENT HOMES
7227 W Windmill Ln, Las Vegas, NV 89113","7227 W Windmill Ln, Las Vegas, NV 89113",No Price,No Bed Info,No Phone
"Wisdom Place
1600 Wisdom Way, Modesto, CA 95355","1600 Wisdom Way, Modesto, CA 95355",No Price,No Bed Info,No Phone
"The Marc
501 Forest Ave, Palo Alto, CA 94301","501 Forest Ave, Palo Alto, CA 94301",No Price,No Bed Info,No Phone
"THE CLUBS AT RHODES RANCH APARTMENT HOMES
8975 W Warm Springs Rd, Las Vegas, NV 89148","8975 W Warm Springs Rd, Las Vegas, NV 89148",No Price,No Bed Info,No Phone
"Second & B Street
815 B St, San Rafael, CA 94901","815 B St, San Rafael, CA 94901",No Price,No Bed Info,No Phone
"MarCo At The Cannery
2500 Cannery Loop, Davis, CA 95616","2500 Cannery Loop, Davis, CA 95616",No Price,No Bed Info,No Phone
"Valle at 9061 Kenwood
9061 Kenwood Dr, Spring Valley, CA 91977","9061 Kenwood Dr, Spring Valley, CA 91977",No Price,No Bed Info,No Phone
"Annadel
1020 Jennings Ave, Santa Rosa, CA 95401","1020 Jennings Ave, Santa Rosa, CA 95401",No Price,No Bed Info,No Phone
"ALTA
346 Jamacha Rd, El Cajon, CA 92019","346 Jamacha Rd, El Cajon, CA 92019",No Price,No Bed Info,No Phone
"Terre at Madison
1241 E Madison Ave, El Cajon, CA 92021","1241 E Madison Ave, El Cajon, CA 92021",No Price,No Bed Info,No Phone
"Horizon
466 W Washington Ave, El Cajon, CA 92020","466 W Washington Ave, El Cajon, CA 92020",No Price,No Bed Info,No Phone
"VILLAGIO
550 Sandy Ln, Ripon, CA 95366","550 Sandy Ln, Ripon, CA 95366",No Price,No Bed Info,No Phone
"Canyon Manor
941 Danrose Dr, American Canyon, CA 94503","941 Danrose Dr, American Canyon, CA 94503",No Price,No Bed Info,No Phone
"Terre at E Bradley
360 E Bradley Ave, El Cajon, CA 92021","360 E Bradley Ave, El Cajon, CA 92021",No Price,No Bed Info,No Phone
"The Marq
3637 Sonoma Ave, Santa Rosa, CA 95405","3637 Sonoma Ave, Santa Rosa, CA 95405",No Price,No Bed Info,No Phone
"Woodglen at the Meadows
6316 Mariposa Ave, Citrus Heights, CA 95610","6316 Mariposa Ave, Citrus Heights, CA 95610",No Price,No Bed Info,No Phone
"Harbor Point
2 Harbor Point Dr, Mill Valley, CA 94941","2 Harbor Point Dr, Mill Valley, CA 94941",No Price,No Bed Info,No Phone
"SYCAMORE GREENS APARTMENT HOMES
1982 Wellington Ln, Vista, CA 92081","1982 Wellington Ln, Vista, CA 92081",No Price,No Bed Info,No Phone
"SOMERSETT HILLS
3 Somer Ridge Dr, Roseville, CA 95661","3 Somer Ridge Dr, Roseville, CA 95661",No Price,No Bed Info,No Phone
"Coronado
3777 Mowry Ave, Fremont, CA 94538","3777 Mowry Ave, Fremont, CA 94538",No Price,No Bed Info,No Phone
"New Hope Senior Village Apartments 62 years+
890 Village Run Dr, Galt, CA 95632","890 Village Run Dr, Galt, CA 95632",No Price,No Bed Info,No Phone
"Napa Creek Terrace
2622 1st St, Napa, CA 94558","2622 1st St, Napa, CA 94558",No Price,No Bed Info,No Phone
"Terre at Mollison
233 N Mollison Ave, El Cajon, CA 92021","233 N Mollison Ave, El Cajon, CA 92021",No Price,No Bed Info,No Phone
"Terre at Bostonia
1294 N Mollison Ave, El Cajon, CA 92021","1294 N Mollison Ave, El Cajon, CA 92021",No Price,No Bed Info,No Phone
"Calavo
10850 Jamacha Blvd, Spring Valley, CA 91978","10850 Jamacha Blvd, Spring Valley, CA 91978",No Price,No Bed Info,No Phone
"The Knoll Redmond
15325 Redmond Way, Redmond, WA 98052","15325 Redmond Way, Redmond, WA 98052",No Price,No Bed Info,No Phone
"Pacific Palms
4415 N Pershing Ave, Stockton, CA 95207","4415 N Pershing Ave, Stockton, CA 95207",No Price,No Bed Info,No Phone
"Township Sherwood
22210 SW Murdock Rd, Sherwood, OR 97140","22210 SW Murdock Rd, Sherwood, OR 97140",No Price,No Bed Info,No Phone
"Traditions at Englewood
3500 S Sherman St, Englewood, CO 80113","3500 S Sherman St, Englewood, CO 80113",No Price,No Bed Info,No Phone
"Autumn Oaks Apartments
1400 Humphrey Dr, Suisun City, CA 94585","1400 Humphrey Dr, Suisun City, CA 94585",No Price,No Bed Info,No Phone
"MARALISA MEADOWS
6175 Water Lily Commons, Livermore, CA 94551","6175 Water Lily Commons, Livermore, CA 94551",No Price,No Bed Info,No Phone
"WALNUT WOODS
275 E Minnesota Ave, Turlock, CA 95382","275 E Minnesota Ave, Turlock, CA 95382",No Price,No Bed Info,No Phone
"Bon Aire Apartments
20499 Santa Maria Ave, Castro Valley, CA 94546","20499 Santa Maria Ave, Castro Valley, CA 94546",No Price,No Bed Info,No Phone
"CHANDLER APARTMENT HOMES
6767 W Windmill Ln, Las Vegas, NV 89139","6767 W Windmill Ln, Las Vegas, NV 89139",No Price,No Bed Info,No Phone
"Garden Court Apartments
557-559 Buena Vista Ave, Alameda, CA 94501","557-559 Buena Vista Ave, Alameda, CA 94501",No Price,No Bed Info,No Phone
"Terre at Creekside fka Creekside Park
9360 Creekside Ct, Santee, CA 92071","9360 Creekside Ct, Santee, CA 92071",No Price,No Bed Info,No Phone
"Terre at Sandalwood
708 N Mollison Ave, El Cajon, CA 92021","708 N Mollison Ave, El Cajon, CA 92021",No Price,No Bed Info,No Phone
"The Ranch at Woodland
724 Cottonwood St, Woodland, CA 95695","724 Cottonwood St, Woodland, CA 95695",No Price,No Bed Info,No Phone
"Oak Ridge Apartments
5443 College Oak Dr, Sacramento, CA 95841","5443 College Oak Dr, Sacramento, CA 95841",No Price,No Bed Info,No Phone
"Kirman Garden
444 Kirman Ave, Reno, NV 89502","444 Kirman Ave, Reno, NV 89502",No Price,No Bed Info,No Phone
"South Knoll Apartments
15 S Knoll Rd, Mill Valley, CA 94941","15 S Knoll Rd, Mill Valley, CA 94941",No Price,No Bed Info,No Phone
"Terre at Lexi
328 S 1st St, El Cajon, CA 92019","328 S 1st St, El Cajon, CA 92019",No Price,No Bed Info,No Phone
"LAKE WASHINGTON APARTMENTS
9061 Seward Park Ave S, Seattle, WA 98118","9061 Seward Park Ave S, Seattle, WA 98118",No Price,No Bed Info,No Phone
"Copper Peak Apartments
2770 Copper Peak Ln, Longmont, CO 80504","2770 Copper Peak Ln, Longmont, CO 80504",No Price,No Bed Info,No Phone
"Copper Landing
10913 W 6th Ave, Airway Heights, WA 99001","10913 W 6th Ave, Airway Heights, WA 99001",No Price,No Bed Info,No Phone
"The Oaks at Hackberry
4950 Hackberry Ln, Sacramento, CA 95841","4950 Hackberry Ln, Sacramento, CA 95841",No Price,No Bed Info,No Phone
"Terre at Graves
1525 Graves Ave, El Cajon, CA 92021","1525 Graves Ave, El Cajon, CA 92021",No Price,No Bed Info,No Phone
"NOHO GALLERY
11000 Morrison St, North Hollywood, CA 91601","11000 Morrison St, North Hollywood, CA 91601",No Price,No Bed Info,No Phone
"Devonwood and First Place Apartments
101 NE 1st St, Battle Ground, WA 98604","101 NE 1st St, Battle Ground, WA 98604",No Price,No Bed Info,No Phone
"Waterstone Terrace
522 W K St, Benicia, CA 94510","522 W K St, Benicia, CA 94510",No Price,No Bed Info,No Phone
"The Grove
1333 Arlington Blvd, Davis, CA 95616","1333 Arlington Blvd, Davis, CA 95616",No Price,No Bed Info,No Phone
"Valle at Mission
832 N Juniper St, Escondido, CA 92025","832 N Juniper St, Escondido, CA 92025",No Price,No Bed Info,No Phone
"Mar at Laurel fka Laurel Lane I
203 Laurel Ave, National City, CA 91950","203 Laurel Ave, National City, CA 91950",No Price,No Bed Info,No Phone
"The Aurora Apartments
1080-1098 Rock Blvd, Sparks, NV 89431","1080-1098 Rock Blvd, Sparks, NV 89431",No Price,No Bed Info,No Phone
"Bella Rose
4900 Canada Valley Rd, Antioch, CA 94531","4900 Canada Valley Rd, Antioch, CA 94531",No Price,No Bed Info,No Phone
"The Astaire
11850 Riverside Dr, Valley Village, CA 91607","11850 Riverside Dr, Valley Village, CA 91607",No Price,No Bed Info,No Phone
"Edge at Town Center, The
3544 Saint Johns Bluff Rd S, Jacksonville, FL 32224","3544 Saint Johns Bluff Rd S, Jacksonville, FL 32224",No Price,No Bed Info,No Phone
"Terre at Lakeside
12905 Mapleview St, Lakeside, CA 92040","12905 Mapleview St, Lakeside, CA 92040",No Price,No Bed Info,No Phone
"Park Club Apartments
1326 E Cotati Ave, Rohnert Park, CA 94928","1326 E Cotati Ave, Rohnert Park, CA 94928",No Price,No Bed Info,No Phone
"The Meridian
141 Flora Ave, Walnut Creek, CA 94595","141 Flora Ave, Walnut Creek, CA 94595",No Price,No Bed Info,No Phone
"Miraflores Apartments
2606 Thomas Dr, El Centro, CA 92243","2606 Thomas Dr, El Centro, CA 92243",No Price,No Bed Info,No Phone
"VINTAGE AT BREMERTON
1717 Sheridan Rd, Bremerton, WA 98310","1717 Sheridan Rd, Bremerton, WA 98310",No Price,No Bed Info,No Phone
"The Vines On 80
3950 Business Center Dr, Fairfield, CA 94534","3950 Business Center Dr, Fairfield, CA 94534",No Price,No Bed Info,No Phone
"Fremont Mews
1400 P St, Sacramento, CA 95814","1400 P St, Sacramento, CA 95814",No Price,No Bed Info,No Phone
"Vintage at Washington Station
265 Washington St, Reno, NV 89503","265 Washington St, Reno, NV 89503",No Price,No Bed Info,No Phone
"The Breakers
630 Water St, Santa Cruz, CA 95060","630 Water St, Santa Cruz, CA 95060",No Price,No Bed Info,No Phone
"Delta View Apartments
3915 Delta Fair Blvd, Antioch, CA 94509","3915 Delta Fair Blvd, Antioch, CA 94509",No Price,No Bed Info,No Phone
"Grand Apartments on Lindley
10201 Lindley Ave, Northridge, CA 91325","10201 Lindley Ave, Northridge, CA 91325",No Price,No Bed Info,No Phone
"Aero Apartments
1805 Anderson Rd, Davis, CA 95616","1805 Anderson Rd, Davis, CA 95616",No Price,No Bed Info,No Phone
"OTAVON APARTMENTS
1515 S Novato Blvd, Novato, CA 94947","1515 S Novato Blvd, Novato, CA 94947",No Price,No Bed Info,No Phone
"Piazza D'Oro
3402 Piazza De Oro Way, Oceanside, CA 92056","3402 Piazza De Oro Way, Oceanside, CA 92056",No Price,No Bed Info,No Phone
"Vista Pointe
1400 N Grand Ave, Covina, CA 91724","1400 N Grand Ave, Covina, CA 91724",No Price,No Bed Info,No Phone
"Cedar Flats
1221 N Cedar St, Chico, CA 95926","1221 N Cedar St, Chico, CA 95926",No Price,No Bed Info,No Phone
"Copper Stone
750 S Lafayette Dr, Lafayette, CO 80026","750 S Lafayette Dr, Lafayette, CO 80026",No Price,No Bed Info,No Phone
"Terre at Canyon
1707 La Brea St, Ramona, CA 92065","1707 La Brea St, Ramona, CA 92065",No Price,No Bed Info,No Phone
"Cascades at Kissimmee
2231 Cascades Blvd, Kissimmee, FL 34741","2231 Cascades Blvd, Kissimmee, FL 34741",No Price,No Bed Info,No Phone
"Arbors of Killeen
2801 O. W. Curry Dr, Killeen, TX 76542","2801 O. W. Curry Dr, Killeen, TX 76542",No Price,No Bed Info,No Phone
"Mar at National City
2509 A Ave, National City, CA 91950","2509 A Ave, National City, CA 91950",No Price,No Bed Info,No Phone
"Vista Lane
1440-1450 2nd Ave, Chula Vista, CA 91911","1440-1450 2nd Ave, Chula Vista, CA 91911",No Price,No Bed Info,No Phone
"Cameron Ridge
3441 Mira Loma Dr, Cameron Park, CA 95682","3441 Mira Loma Dr, Cameron Park, CA 95682",No Price,No Bed Info,No Phone
"Towne Center Park
240 Towne Centre Dr, Lathrop, CA 95330","240 Towne Centre Dr, Lathrop, CA 95330",No Price,No Bed Info,No Phone
"Summerset Village
300-320 Summer Breeze Way, Saint Augustine, FL 32086","300-320 Summer Breeze Way, Saint Augustine, FL 32086",No Price,No Bed Info,No Phone
"Copper Hill
3210 E 44th Ave, Spokane, WA 99223","3210 E 44th Ave, Spokane, WA 99223",No Price,No Bed Info,No Phone
"Quail Hill Apartments
20800 Lake Chabot Rd, Castro Valley, CA 94546","20800 Lake Chabot Rd, Castro Valley, CA 94546",No Price,No Bed Info,No Phone
"Park
740-786 E Mission Ave, Escondido, CA 92025","740-786 E Mission Ave, Escondido, CA 92025",No Price,No Bed Info,No Phone
"Parkside at Mirabeau
2820 N Cherry St, Spokane, WA 99216","2820 N Cherry St, Spokane, WA 99216",No Price,No Bed Info,No Phone
"Verdant at Green Valley
3900 Business Center Dr, Fairfield, CA 94534","3900 Business Center Dr, Fairfield, CA 94534",No Price,No Bed Info,No Phone
"Surfside
434 Central Ave, Alameda, CA 94501","434 Central Ave, Alameda, CA 94501",No Price,No Bed Info,No Phone
"The Post
1460 Contra Costa Blvd, Pleasant Hill, CA 94523","1460 Contra Costa Blvd, Pleasant Hill, CA 94523",No Price,No Bed Info,No Phone
"Valencia Terrace Apartments
154 Richardson Dr, Vallejo, CA 94589","154 Richardson Dr, Vallejo, CA 94589",No Price,No Bed Info,No Phone
"SORRENTO
1011 Rosemarie Ln, Stockton, CA 95207","1011 Rosemarie Ln, Stockton, CA 95207",No Price,No Bed Info,No Phone
"K Street Flats
2020 Kittredge St, Berkeley, CA 94704","2020 Kittredge St, Berkeley, CA 94704",No Price,No Bed Info,No Phone
"View
6670 Doriana St, San Diego, CA 92139","6670 Doriana St, San Diego, CA 92139",No Price,No Bed Info,No Phone
"Vida
1070 E Washington Ave, Escondido, CA 92025","1070 E Washington Ave, Escondido, CA 92025",No Price,No Bed Info,No Phone
"Jasmine Garden Apartments
601 W Corregidor St, Compton, CA 90220","601 W Corregidor St, Compton, CA 90220",No Price,No Bed Info,No Phone
"Copper River
2865 W Elliott Dr, Spokane, WA 99224","2865 W Elliott Dr, Spokane, WA 99224",No Price,No Bed Info,No Phone
"The Edge on the Boulevard
34500 Fremont Blvd, Fremont, CA 94555","34500 Fremont Blvd, Fremont, CA 94555",No Price,No Bed Info,No Phone
"Charlotte Park Apartments
5875 Charlotte Dr, San Jose, CA 95123","5875 Charlotte Dr, San Jose, CA 95123",No Price,No Bed Info,No Phone
"Sierra Sunset Village
505-531 Capps Ln, Ukiah, CA 95482","505-531 Capps Ln, Ukiah, CA 95482",No Price,No Bed Info,No Phone
"Country Club Village
2733 Country Club Blvd, Stockton, CA 95204","2733 Country Club Blvd, Stockton, CA 95204",No Price,No Bed Info,No Phone
"PARKSIDE APARTMENTS
3280 Blue Ridge Cir, Stockton, CA 95219","3280 Blue Ridge Cir, Stockton, CA 95219",No Price,No Bed Info,No Phone
"Oak Park
1700 N Tully Rd, Turlock, CA 95380","1700 N Tully Rd, Turlock, CA 95380",No Price,No Bed Info,No Phone
"Magnolia Terrace
319 E Tabor Ave, Fairfield, CA 94533","319 E Tabor Ave, Fairfield, CA 94533",No Price,No Bed Info,No Phone
"Prospera at Fiddyment
2801 N Hayden Pky, Roseville, CA 95747","2801 N Hayden Pky, Roseville, CA 95747",No Price,No Bed Info,No Phone
"Alderwood Apartments
1450 S State St, Ukiah, CA 95482","1450 S State St, Ukiah, CA 95482",No Price,No Bed Info,No Phone
"Maple Ridge Apartments
1100 Sylvan Ave, Modesto, CA 95350","1100 Sylvan Ave, Modesto, CA 95350",No Price,No Bed Info,No Phone
"Village at Santa Teresa Apartments
1520 Hecker Pass Hwy, Gilroy, CA 95020","1520 Hecker Pass Hwy, Gilroy, CA 95020",No Price,No Bed Info,No Phone
"Hacienda Creek Senior Apartments
399 East Ct, San Jose, CA 95116","399 East Ct, San Jose, CA 95116",No Price,No Bed Info,No Phone
"Addison Place Apartments
900 Addison Pl, Crestview, FL 32536","900 Addison Pl, Crestview, FL 32536",No Price,No Bed Info,No Phone
"Teal Pointe
10405 NE 9th Ave, Vancouver, WA 98685","10405 NE 9th Ave, Vancouver, WA 98685",No Price,No Bed Info,No Phone
"Valle at Canyon
1624 Canyon Rd, San Diego, CA 91977","1624 Canyon Rd, San Diego, CA 91977",No Price,No Bed Info,No Phone
"Siesta Senior Apartments
171 Siesta Way, Sonoma, CA 95476","171 Siesta Way, Sonoma, CA 95476",No Price,No Bed Info,No Phone
"Copper Gate
4750 Auburn Way N, Auburn, WA 98002","4750 Auburn Way N, Auburn, WA 98002",No Price,No Bed Info,No Phone
"Canyon Country Senior Apts
18701 Flying Tiger Dr, Canyon Country, CA 91387","18701 Flying Tiger Dr, Canyon Country, CA 91387",No Price,No Bed Info,No Phone
"Summer Breeze A 55+ Community
200 Summer Breeze Way, Saint Augustine, FL 32086","200 Summer Breeze Way, Saint Augustine, FL 32086",No Price,No Bed Info,No Phone
"Hunter's Run
1535 Blanding Blvd, Middleburg, FL 32068","1535 Blanding Blvd, Middleburg, FL 32068",No Price,No Bed Info,No Phone
"VINTAGE AT VANCOUVER
9001 NE 54th St, Vancouver, WA 98662","9001 NE 54th St, Vancouver, WA 98662",No Price,No Bed Info,No Phone
"Oak Grove at Dublin Ranch
4161 Keegan St, Dublin, CA 94568","4161 Keegan St, Dublin, CA 94568",No Price,No Bed Info,No Phone
"Abbey Pointe Apartments
1640 Tyrol Ln, Stockton, CA 95207","1640 Tyrol Ln, Stockton, CA 95207",No Price,No Bed Info,No Phone
"Villa Tramonti
9100 Duarte Rd, San Gabriel, CA 91775","9100 Duarte Rd, San Gabriel, CA 91775",No Price,No Bed Info,No Phone
"Copper Mountain
2555 Bella Colla Ln, Richland, WA 99352","2555 Bella Colla Ln, Richland, WA 99352",No Price,No Bed Info,No Phone
"VINE BY VINTAGE
401 W Pine Ave, Lompoc, CA 93436","401 W Pine Ave, Lompoc, CA 93436",No Price,No Bed Info,No Phone
"The Village at Madrone
18730 Miner Ln, Morgan Hill, CA 95037","18730 Miner Ln, Morgan Hill, CA 95037",No Price,No Bed Info,No Phone
"Bernwood Trace
9804 Bernwood Place Dr, Fort Myers, FL 33966","9804 Bernwood Place Dr, Fort Myers, FL 33966",No Price,No Bed Info,No Phone
"ASHLEY PARK APARTMENTS
6232-6233 N Pershing Ave, Stockton, CA 95207","6232-6233 N Pershing Ave, Stockton, CA 95207",No Price,No Bed Info,No Phone
"Copper Ridge
5501 W Hildebrand Blvd, Kennewick, WA 99338","5501 W Hildebrand Blvd, Kennewick, WA 99338",No Price,No Bed Info,No Phone
"Madison Manor Active Adult Community 55yrs+
7400 Hogan Rd, Jacksonville, FL 32216","7400 Hogan Rd, Jacksonville, FL 32216",No Price,No Bed Info,No Phone
"Polaris at Together Center
16225 NE 87th St, Redmond, WA 98052","16225 NE 87th St, Redmond, WA 98052",No Price,No Bed Info,No Phone
"Grand Terrace
440 W Gladstone St, Glendora, CA 91740","440 W Gladstone St, Glendora, CA 91740",No Price,No Bed Info,No Phone
"Copper Creek Apts
4980 Copper Springs View St, Colorado Springs, CO 80916","4980 Copper Springs View St, Colorado Springs, CO 80916",No Price,No Bed Info,No Phone
"Park Grove
9155 Central Ave, Garden Grove, CA 92844","9155 Central Ave, Garden Grove, CA 92844",No Price,No Bed Info,No Phone
"ALTITUDE BY VINTAGE
1550 Sky Valley Dr, Reno, NV 89523","1550 Sky Valley Dr, Reno, NV 89523",No Price,No Bed Info,No Phone
"Table Mountain
100 Jay Blue Dr, Oroville, CA 95965","100 Jay Blue Dr, Oroville, CA 95965",No Price,No Bed Info,No Phone
"Lincoln Avenue Apartments
1866 Lincoln Ave, Calistoga, CA 94515","1866 Lincoln Ave, Calistoga, CA 94515",No Price,No Bed Info,No Phone
"Dublin Ranch Senior
3115 Finnian Way, Dublin, CA 94568","3115 Finnian Way, Dublin, CA 94568",No Price,No Bed Info,No Phone
"Traditions at Colorado Springs
6010 Tutt Blvd, Colorado Springs, CO 80923","6010 Tutt Blvd, Colorado Springs, CO 80923",No Price,No Bed Info,No Phone
"Palm Bay Club
1923 Pinewood Dr NE, Palm Bay, FL 32905","1923 Pinewood Dr NE, Palm Bay, FL 32905",No Price,No Bed Info,No Phone
"Koz on Market
1554 Market St, Tacoma, WA 98402","1554 Market St, Tacoma, WA 98402",No Price,No Bed Info,No Phone
"The Sherwood
780 W Sherwood Ave, Mc Farland, CA 93250","780 W Sherwood Ave, Mc Farland, CA 93250",No Price,No Bed Info,No Phone
"Park at Palm Bay Apartments
1200 SE Hadley Cir, Palm Bay, FL 32909","1200 SE Hadley Cir, Palm Bay, FL 32909",No Price,No Bed Info,No Phone
"Copper Range
7535 Copper Range Hts, Colorado Springs, CO 80908","7535 Copper Range Hts, Colorado Springs, CO 80908",No Price,No Bed Info,No Phone
"Langdon Park at Hollywood Studios
5640 Santa Monica Blvd, Los Angeles, CA 90038","5640 Santa Monica Blvd, Los Angeles, CA 90038",No Price,No Bed Info,No Phone
"Koz at the Dome
304 Puyallup Ave, Tacoma, WA 98421","304 Puyallup Ave, Tacoma, WA 98421",No Price,No Bed Info,No Phone
"188 Octavia
188 Octavia St, San Francisco, CA 94102","188 Octavia St, San Francisco, CA 94102",No Price,No Bed Info,No Phone
"Palms at Vero Beach
1210 4th Ter, Vero Beach, FL 32960","1210 4th Ter, Vero Beach, FL 32960",No Price,No Bed Info,No Phone
"The Cascades Apartments
9838 Lincoln Village Dr, Sacramento, CA 95827","9838 Lincoln Village Dr, Sacramento, CA 95827",No Price,No Bed Info,No Phone
"Casa Bella
16980 Nisqualli Rd, Victorville, CA 92395","16980 Nisqualli Rd, Victorville, CA 92395",No Price,No Bed Info,No Phone
,No Address,No Price,No Bed Info,No Phone
,No Address,No Price,No Bed Info,No Phone
,No Address,No Price,No Bed Info,No Phone
,No Address,No Price,No Bed Info,No Phone
,No Address,No Price,No Bed Info,No Phone
,No Address,No Price,No Bed Info,No Phone
,No Address,No Price,No Bed Info,No Phone
,No Address,No Price,No Bed Info,No Phone
,No Address,No Price,No Bed Info,No Phone
,No Address,No Price,No Bed Info,No Phone
,No Address,No Price,No Bed Info,No Phone
,No Address,No Price,No Bed Info,No Phone
,No Address,No Price,No Bed Info,No Phone
,No Address,No Price,No Bed Info,No Phone
,No Address,No Price,No Bed Info,No Phone
,No Address,No Price,No Bed Info,No Phone
,No Address,No Price,No Bed Info,No Phone
,No Address,No Price,No Bed Info,No Phone
,No Address,No Price,No Bed Info,No Phone
,No Address,No Price,No Bed Info,No Phone
,No Address,No Price,No Bed Info,No Phone
,No Address,No Price,No Bed Info,No Phone
,No Address,No Price,No Bed Info,No Phone
,No Address,No Price,No Bed Info,No Phone
,No Address,No Price,No Bed Info,No Phone
,No Address,No Price,No Bed Info,No Phone
,No Address,No Price,No Bed Info,No Phone
,No Address,No Price,No Bed Info,No Phone
,No Address,No Price,No Bed Info,No Phone
,No Address,No Price,No Bed Info,No Phone
,No Address,No Price,No Bed Info,No Phone
,No Address,No Price,No Bed Info,No Phone
,No Address,No Price,No Bed Info,No Phone
,No Address,No Price,No Bed Info,No Phone
,No Address,No Price,No Bed Info,No Phone
,No Address,No Price,No Bed Info,No Phone
,No Address,No Price,No Bed Info,No Phone
,No Address,No Price,No Bed Info,No Phone
,No Address,No Price,No Bed Info,No Phone
,No Address,No Price,No Bed Info,No Phone
,No Address,No Price,No Bed Info,No Phone
,No Address,No Price,No Bed Info,No Phone
,No Address,No Price,No Bed Info,No Phone
,No Address,No Price,No Bed Info,No Phone
,No Address,No Price,No Bed Info,No Phone
,No Address,No Price,No Bed Info,No Phone
,No Address,No Price,No Bed Info,No Phone
,No Address,No Price,No Bed Info,No Phone
,No Address,No Price,No Bed Info,No Phone
,No Address,No Price,No Bed Info,No Phone
,No Address,No Price,No Bed Info,No Phone
,No Address,No Price,No Bed Info,No Phone
,No Address,No Price,No Bed Info,No Phone
,No Address,No Price,No Bed Info,No Phone
,No Address,No Price,No Bed Info,No Phone
,No Address,No Price,No Bed Info,No Phone
,No Address,No Price,No Bed Info,No Phone
,No Address,No Price,No Bed Info,No Phone
,No Address,No Price,No Bed Info,No Phone
,No Address,No Price,No Bed Info,No Phone
,No Address,No Price,No Bed Info,No Phone
,No Address,No Price,No Bed Info,No Phone
,No Address,No Price,No Bed Info,No Phone
,No Address,No Price,No Bed Info,No Phone
,No Address,No Price,No Bed Info,No Phone
,No Address,No Price,No Bed Info,No Phone
,No Address,No Price,No Bed Info,No Phone
,No Address,No Price,No Bed Info,No Phone
,No Address,No Price,No Bed Info,No Phone
,No Address,No Price,No Bed Info,No Phone
