company_name,building_name,raw_address,phone
Mission Rock Residential,Cottonwood Crossing Apartments,"1565 N Wildflower Dr, Casa Grande, AZ 85122",(877) 716-3817
Mission Rock Residential,Tresa at Arrowhead Apartments,"17722 N 79th Avenue, Glendale, AZ 85308",(833) 693-5488
Mission Rock Residential,Tivoli Heights Village,"3180 Harrison St, Kingman, AZ 86401",(866) 963-5828
Mission Rock Residential,Overland Flats,"44170 Honeycutt RD,, Maricopa, AZ 85139",541-555-5555
Mission Rock Residential,Renaissance Apartment Homes,"13421 N 43rd Ave, Phoenix, AZ 85029",(888) 572-3596
Mission Rock Residential,Greenspoint at Paradise Valley,"4202 E Cactus Rd, Phoenix, AZ 85032",(833) 693-3719
Mission Rock Residential,Crestone at Shadow Mountain,"3033 E Thunderbird Rd, Phoenix, AZ 85032",8885151587
Mission Rock Residential,Ironwood at Happy Valley,"24025 N 23rd Ave, Phoenix, AZ 85085",(844) 595-0902
Mission Rock Residential,Salt River Flats,"4000 S 14th St, Phoenix, AZ 85040",(844) 968-1700
Mission Rock Residential,Rancho Montanas Senior Apartments,"4033 S 7th St, Phoenix, AZ 85040",(877) 810-9413
Mission Rock Residential,Rancho Cielo Senior Apartments,"3940 W McDowell Rd, Phoenix, AZ 85009",8886945684
Mission Rock Residential,Sterling Point,"3802 E Baseline Rd, Phoenix, AZ 85042",8556260353
Mission Rock Residential,Roosevelt Commons,"825 N. 6th Ave, Phoenix, AZ 85003",844-755-4160
Mission Rock Residential,Dahlia Village,"3620 S 12th St, Phoenix, AZ 85040",855-589-9630
Mission Rock Residential,Pinetop Hills Apartments,"1450 S Emma Dr, Pinetop, AZ 85935",(888) 694-5506
Mission Rock Residential,Starrview at Starr Pass,"1050 S Bill Martin Dr, Tucson, AZ 85745",(520) 535-2915
Mission Rock Residential,CentrePoint Apartments,"3220 W Ina Rd, Tucson, AZ 85741",8336550305
Mission Rock Residential,Willcox Townhomes,"804 W Hoch Ln, Willcox, AZ 85643",(877) 810-6959
Mission Rock Residential,Parc Marin,"1441 Casa Buena Drive, Corte Madera, CA 94925",855-719-1579
Mission Rock Residential,Mission Rock at Novato,"Ignacio Hills 431 Ignacio Blvd, Novato, CA 94949",833-611-6790
Mission Rock Residential,Mission Rock at North Bay,"Ignacio Gardens 420 Alameda Del Prado, Novato, CA 94949",833-320-0496
Mission Rock Residential,Mission Rock at San Rafael,"109 Professional Center Parkway, San Rafael, CA 94903",833-711-1189
Mission Rock Residential,Mission Rock at Marin,"Albion Terrace 225 Nova Albion Way, San Rafael, CA 94903",844-224-8156
Mission Rock Residential,Mission Rock at Sonoma,"350 Robinson St, Sonoma, CA 95476",833-862-4324
Mission Rock Residential,Tempo at Nine Mile Station,"12150 E. Dartmouth Ave, Aurora, CO 80014",888-698-2809
Mission Rock Residential,Range View,"14475 Montview Blvd, Aurora, CO 80011",(833) 368-2336
Mission Rock Residential,Platte View Landing,"90 Miller Avenue, Brighton, CO 80601",(888) 482-8781
Mission Rock Residential,Sterling Park Apartments,"4242 E Bromley Ln, Brighton, CO 80601",8559625077
Mission Rock Residential,Harvest Station Apartments,"11775 Wadsworth Blvd, Broomfield, CO 80020",8337219975
Mission Rock Residential,Willow Run Village Apartments,"12621 Zuni St, Broomfield, CO 80020",(833) 702-1693
Mission Rock Residential,Summit at Flatirons Apartments,"210 Summit Blvd, Broomfield, CO 80021",8332204684
Mission Rock Residential,The Pines at Castle Rock Apartments,"6221 Castlegate Dr. W, Castle Rock, CO 80108",(844) 722-9092
Mission Rock Residential,Reserve at Castle Highlands Apartments,"1040 Highland Vista Avenue, Castle Rock, CO 80109",844-256-8706
Mission Rock Residential,The Meadowmark,"3223 Timber Mill Parkway, Castle Rock, CO 80109",(866) 941-4093
Mission Rock Residential,The Wright Apartments,"6465 S Xanadu Way, Centennial, CO 80111",(833) 514-0968
Mission Rock Residential,Gold Mountain Village Apartments,"440 Powder Run Drive, Central City, CO 80427",877-743-1737
Mission Rock Residential,Resort at University Park,"4675 Alta Point, Colorado Springs, CO 80918",8333320634
Mission Rock Residential,Broadmoor Ridge Apartment Homes,"3893 Westmeadow Dr, Colorado Springs, CO 80906",(855) 976-5733
Mission Rock Residential,Mountain View Apartment Homes,"4085 Westmeadow Dr, Colorado Springs, CO 80906",(888) 291-9419
Mission Rock Residential,The Knolls at Sweetgrass Apartment Homes,"1510 Gatehouse Cir S, Colorado Springs, CO 80904",(844) 883-2813
Mission Rock Residential,Westmeadow Peaks Apartments,"1472 Meadow Peak View, Colorado Springs, CO 80906",(855) 647-6141
Mission Rock Residential,Bella Springs Apartments,"1050 Milano Point, Colorado Springs, CO 80921",(855) 643-8588
Mission Rock Residential,Enchanted Springs Apartments,"3281 Divine Hts, Colorado Springs, CO 80922",833-659-2001
Mission Rock Residential,The Towne at Northgate Apartments,"1203 Affirmed View, Colorado Springs, CO 80921",(833) 968-0039
Mission Rock Residential,Academy Heights,"1340 Inverness Dr, Colorado Springs, CO 80910",(833) 402-1092
Mission Rock Residential,Junction72 Apartments,"7121 Colorado Blvd, Commerce City, CO 80022",(877) 371-1419
Mission Rock Residential,Diamond at Prospect Apartments,"3001 Fox Street, Denver, CO 80202",833-247-2275
Mission Rock Residential,Encore Evans Station,"1805 S Bannock St, Denver, CO 80223",(720) 706-7818
Mission Rock Residential,Art District Flats,"1225 Santa Fe Dr, Denver, CO 80204",(303) 622-0022
Mission Rock Residential,The Reserves at Green Valley Ranch,"4857 N Salida St, Denver, CO 80249",(844) 740-2288
Mission Rock Residential,6 West Apartments,"32532 Highway 6, Edwards, CO 81632",8337156290
Mission Rock Residential,Reserve at South Creek,"15611 E. Jamison Drive, Englewood, CO 80112",8558371880
Mission Rock Residential,Centennial East Apartments,"14406 E Fremont Ave, Englewood, CO 80112",(833) 658-5109
Mission Rock Residential,Oxford Station Apartments,"4101 S Navajo St, Englewood, CO 80110",855-643-7603
Mission Rock Residential,Iron Works Village,"519 W Amherst Ave., Englewood, CO 80110",(720) 743-6575
Mission Rock Residential,Pavilions at Silver Sage,"1212 Raintree Dr, Fort Collins, CO 80526",(970) 425-1161
Mission Rock Residential,Country Ranch Apartments,"2921 Timberwood Dr, Fort Collins, CO 80528",855-906-4335
Mission Rock Residential,Bull Run Townhomes,"820 Merganser Dr, Fort Collins, CO 80524",8556240669
Mission Rock Residential,Buffalo Run Apartments,"1245 E Lincoln Ave, Fort Collins, CO 80524",8442041972
Mission Rock Residential,The Wyatt Apartments,"4701 Strauss Cabin Rd, Fort Collins, CO 80528",855-708-0810
Mission Rock Residential,Solana Lucent Station,"8555 Belle Dr., Highlands Ranch, CO 80129",844-427-2065
Mission Rock Residential,Vistas at Stony Creek Apartments,"9140 W Coal Mine Ave, Littleton, CO 80123",(855) 960-1360
Mission Rock Residential,Cloverbasin Village,"630 S Peck Dr, Longmont, CO 80503",833-662-2958
Mission Rock Residential,Fields on 15th Apartment Homes,"800 15th Ave, Longmont, CO 80501",866-506-3917
Mission Rock Residential,Waterford Place Apartments,"795 14th St SE, Loveland, CO 80537",8336600383
Mission Rock Residential,Reserve at Centerra Apartment Townhomes,"4264 McWhinney Blvd., Loveland, CO 80538",8557131254
Mission Rock Residential,The Greens at Van de Water,"2900 Mountain Lion Dr, Loveland, CO 80537",(833) 691-4625
Mission Rock Residential,Keystone Apartments,"12150 Race St, Northglenn, CO 80241",(844) 944-3089
Mission Rock Residential,Karl's Farm 62+ Senior Apartments,"1601 E 121st Ave, Northglenn, CO 80241",(844) 435-3831
Mission Rock Residential,Steamboat Springs Apartments,"400 Anglers Dr, Steamboat Springs, CO 80487",8447524272
Mission Rock Residential,Environs Residential Rental Community,"3323 W 96th Cir, Westminster, CO 80031",(844) 689-1386
Mission Rock Residential,West 38,"7333 W 38th Ave, Wheat Ridge, CO 80033",(833) 479-0835
Mission Rock Residential,Regatta at Universal Apartments,"6350 Vineland Rd, Orlando, FL 32819",(877) 559-6466
Mission Rock Residential,Viridian Reserve,"5038 Broadstone Reserve Cir, Sanford, FL 32771",(833) 624-3388
Mission Rock Residential,The Addison Skyway Marina,"3951 34th St S, St. Petersburg, FL 33711",8333771874
Mission Rock Residential,Jade at North Hyde Park,"608 N Willow Ave, Tampa, FL 33606",(855) 931-1474
Mission Rock Residential,The Park at Riverview,"7350 Campbellton Rd SW, Atlanta, GA 30331",8556650184
Mission Rock Residential,45Eighty Dunwoody Apartment Homes,"4580 Barclay Dr, Dunwoody, GA 30338",8336821139
Mission Rock Residential,The Lodge on the Chattahoochee Apartments,"9401 Roberts Dr, Sandy Springs, GA 30350",8556760816
Mission Rock Residential,Boulders at Overland Park Apartments,"16201 Travis St., Overland Park, KS 66085",8333566047
Mission Rock Residential,The Highlands,"10020 W 80th St, Overland Park, KS 66204",833-789-4713
Mission Rock Residential,The Tala at Washington Hill,"101 N Wolfe St, Baltimore, MD 21231",(855) 643-2683
Mission Rock Residential,Preserve at Cradlerock Apartment Homes,"6531 Quiet Hours Pl, Columbia, MD 21045",8335673499
Mission Rock Residential,The Timbers at Long Reach Apartments,"8782 Cloudleap Ct, Columbia, MD 21045",8889696630
Mission Rock Residential,Kingscrest Apartments,"6959 Castle Court, Frederick, MD 21703",8332649884
Mission Rock Residential,The Reserve at Ballenger Creek Apartments,"607 Windview Way, Frederick, MD 21703",8885819132
Mission Rock Residential,The Views at Laurel Lakes,"8220 Marymont Dr, Laurel, MD 20707",8553815940
Mission Rock Residential,Echelon at Odenton,"315 Nevada Ave, Odenton, MD 21113",(844) 480-1128
Mission Rock Residential,Arbor Ridge Apartments,"9204 Appleford Cir, Owings Mills, MD 21117",(855) 338-0600
Mission Rock Residential,Park at Winterset Apartments,"4700 Winterset Way, Owings Mills, MD 21117",855-980-0352
Mission Rock Residential,The Residences at Waterstone,"225 Galvariun Ct, Pikesville, MD 21208",(844) 686-2046
Mission Rock Residential,The Village of Churchills Choice,"4530 Lords Landing Rd, Upper Marlboro, MD 20772",(833) 237-1120
Mission Rock Residential,Hunter's Glen,"14210 Slidell Ct, Upper Marlboro, MD 20772",(844) 795-9758
Mission Rock Residential,Cornerstone Apartments,"3950 S Jackson Dr, Independence, MO 64057",8335576528
Mission Rock Residential,Crossroads Westside,"601 Avenida Cesar E Chavez, Kansas City, MO 64108",877-919-5653
Mission Rock Residential,Tribeca STL,"5510 Pershing Ave, St. Louis, MO 63112",833-353-2945
Mission Rock Residential,Steelyard Apartments,"2424 S 9th St, St. Louis, MO 63104",855-955-1506
Mission Rock Residential,Ascent at Silverado,"10175 Spencer St, Las Vegas, NV 89183",833-246-2813
Mission Rock Residential,Sonoma Palms Apartments,"3050 N Jones Blvd, Las Vegas, NV 89108",8663551210
Mission Rock Residential,Los Pecos Senior Apartments,"5950 S Pecos Rd, Las Vegas, NV 89120",(855) 699-6231
Mission Rock Residential,Whispering Palms Apartments,"2655 W Lake Mead Blvd., North Las Vegas, NV 89032",8667582512
Mission Rock Residential,The Lodge at McCarran Ranch Apartment Homes,"800 Redfield Pkwy, Reno, NV 89509",833-511-4809
Mission Rock Residential,West Park Apartments,"9251 Eagle Ranch Rd NW, Albuquerque, NM 87114",(866) 967-0682
Mission Rock Residential,La Terraza Senior Apartments,"3704 Ladera Drive NW, Albuquerque, NM 87120",(877) 716-9710
Mission Rock Residential,Valle de Atrisco Apartments,"9901 Ceja Vista Road SW, Albuquerque, NM 87121",(833) 853-3316
Mission Rock Residential,Silver Moon Lodge Apartments,"901 Park Avenue. SW, Albuquerque, NM 87102",(833) 690-7909
Mission Rock Residential,Casa de Sierra Apartments,"200 Valencia Drive SE, Albuquerque, NM 87108",(833) 685-3781
Mission Rock Residential,Ceja Vista Apartments,"10001 Ceja Vista Rd SW, Albuquerque, NM 87121",(833) 657-3230
Mission Rock Residential,Ventana Ranch Apartments,"10400 Universe Blvd. NW, Albuquerque, NM 87114",(855) 717-2726
Mission Rock Residential,Manzano Mesa Apartments,"700 Eubank Blvd SE, Albuquerque, NM 87123",(888) 904-7731
Mission Rock Residential,Village at Avalon Apartments,"601 90th St. NW, Albuquerque, NM 87121",(844) 470-8642
Mission Rock Residential,La Cantera Senior Apartments,"3600 Old Airport Rd NW, Albuquerque, NM 87114",(833) 909-0100
Mission Rock Residential,Paseo Del Sol Apartments,"291 El Pueblo Road NW, Los Ranchos de Albuquerque, NM 87114",(844) 226-6042
Mission Rock Residential,El Paseo Apartments,"301 El Pueblo Road NW, Los Ranchos de Albuquerque, NM 87114",(855) 448-5224
Mission Rock Residential,Arrowhead Ridge Apartments,"4515 Arrowhead Ridge Dr Se, Rio Rancho, NM 87124",(877) 716-5165
Mission Rock Residential,Enchanted Vista Apartments,"4501 Safelite Blvd NE, Rio Rancho, NM 87144",(844) 928-4942
Mission Rock Residential,550 Paseo Apartments,"7810 Paseo 550 Dr NE., Rio Rancho, NM 87144",(844) 629-9788
Mission Rock Residential,Casa de Encantada Apartments,"7780 Paseo 550 Dr NE, Rio Rancho, NM 87144",(877) 519-4459
Mission Rock Residential,Blu at Northline Apartments,"2508 April Liu Ln, Charlotte, NC 28213",(844) 284-3359
Mission Rock Residential,Courtyards at Cedar Hills,"13643 SW Electric Street, Beaverton, OR 97005",8888158605
Mission Rock Residential,Ecco Apartments,"60 Hatton Ave, Eugene, OR 97404",(541) 636-0452
Mission Rock Residential,Gresham Station Apartments,"1003 NW Shattuck Way, Gresham, OR 97030",503-665-2231
Mission Rock Residential,Willow Creek Crossing,"18565 SW Baseline Rd, Hillsboro, OR 97006",503-530-6209
Mission Rock Residential,Wyndhaven Apartments,"230 SE Edgeway Dr, Hillsboro, OR 97006",503-614-9141
Mission Rock Residential,Tualatin View Apartments,"18480 SW Boones Ferry Rd, Portland, OR 97224",8556262531
Mission Rock Residential,ArLo Apartments,"6015 N Interstate Ave, Portland, OR 97217",8554990570
Mission Rock Residential,Westridge Meadows Apartments,"18476 NW Chemeketa Ln, Portland, OR 97229",503-439-9098
Mission Rock Residential,The Yards At Union Station,"815 NW Naito Pkwy, Portland, OR 97209",503-478-1695
Mission Rock Residential,Woodspring Apartments,"16100 SW 113th Ave, Tigard, OR 97224",8667083336
Mission Rock Residential,The Fields Apartments,"7790 SW Hunziker Rd, Tigard, OR 97223",503-210-9073
Mission Rock Residential,Woodridge Apartments,"11999 SW Tualatin Rd, Tualatin, OR 97062",503-691-9085
Mission Rock Residential,Bluebird Row,"1348 Passenger St, Chattanooga, TN 37408",8338377828
Mission Rock Residential,5 Points Northshore,"328 Cherokee Blvd, Chattanooga, TN 37405",844-264-1050
Mission Rock Residential,Kirkwood Place,"2934 Dunlop Ln, Clarksville, TN 37043",(833) 651-0079
Mission Rock Residential,The Reserve at Kirkwood,"3000 Dalton Smith Court, Clarksville, TN 37043",888-861-1350
Mission Rock Residential,The Retreat at Arden Village Apartments,"2477 Palomar Cir, Columbia, TN 38401",(844) 209-7675
Mission Rock Residential,Gallatin Commons,"299 Harris Ln, Gallatin, TN 37066",615-675-4800
Mission Rock Residential,Cantare at Indian Lake Village,"120 Cinema Dr, Hendersonville, TN 37075",(877) 764-9279
Mission Rock Residential,Springfield Apartments,"3726 Manson Pike, Murfreesboro, TN 37129",8447580214
Mission Rock Residential,The Banks at West Fork,"1405 Riverwatch Ct, Murfreesboro, TN 37128",866-606-9437
Mission Rock Residential,Post Ridge Apartments,"595 Hicks Rd, Nashville, TN 37221",8339532939
Mission Rock Residential,865 Bellevue Apartments,"865 Bellevue Rd, Nashville, TN 37221",8559761156
Mission Rock Residential,Rivertop Apartments,"5800 River Rd, Nashville, TN 37209",8555050647
Mission Rock Residential,The Morris,"818 19th Ave S, Nashville, TN 37203",(855) 973-1092
Mission Rock Residential,Commonwealth at 31,"2880 Commonwealth Dr., Spring Hill, TN 37174",8336260777
Mission Rock Residential,Promontory Point Apartments,"2250 Ridgepoint Dr, Austin, TX 78754",(833) 346-6172
Mission Rock Residential,Villages at Parktown Apartments,"500 W Pasadena Blvd, Deer Park, TX 77536",(833) 715-7291
Mission Rock Residential,The Park at Waterford Harbor,"1420 Marina Bay Dr, Kemah, TX 77565",(833) 923-3625
Mission Rock Residential,Signature Point Apartments,"1 Signature Point Dr, League City, TX 77573",(833) 413-9954
Mission Rock Residential,Meridian Apartments,"680 East Basse Road, San Antonio, TX 78209",(833) 328-3403
Mission Rock Residential,The Quarry Townhomes,"250 Treeline Park, San Antonio, TX 78209",8336168470
Mission Rock Residential,Henley at The Rim,"18102 Talavera Rdg, San Antonio, TX 78257",(855) 955-3497
Mission Rock Residential,Oro Stone Oak,"1703 Evans Rd, San Antonio, TX 78258",(855) 906-4530
Mission Rock Residential,The Bluffs Apartments,"14035 S Marketview Dr, Bluffdale, UT 84065",866-938-7157
Mission Rock Residential,Todd Hollow Apartments at Deer Mountain,"12774 Deer Mountain Blvd, Hideout, UT 84036",(877) 810-9383
Mission Rock Residential,Florentine Villas Apartments,"7497 S Siena Vista Ln, Midvale, UT 84047",(877) 716-0626
Mission Rock Residential,Country Woods Apartments,"525 Park Blvd, Ogden, UT 84401",(877) 810-7349
Mission Rock Residential,Cherry Creek Apartments,"1551 W Riverdale Rd, Riverdale, UT 84405",(866) 205-0362
Mission Rock Residential,Meadowbrook Station Apartments,"3994 S Howick St, Salt Lake City, UT 84107",(833) 662-9978
Mission Rock Residential,Sunset Ridge Apartments,"5503 W 9000 S, West Jordan, UT 84081",(866) 938-4635
Mission Rock Residential,Abbotts Run Apartments,"5711 Woodlawn Gable Dr, Alexandria, VA 22309",8338967823
Mission Rock Residential,Oasis at Montclair Apartments,"16500 Stedham Cir, Dumfries, VA 22025",(703) 398-1028
Mission Rock Residential,The Kingson,"4900 Allertow Rd, Fredericksburg, VA 22407",(866) 499-7856
Mission Rock Residential,Indigo 19,"1940 Pavilion Drive, Virginia Beach, VA 23451",8559545102
Mission Rock Residential,Parkway Apartments,"416 Merrimac Trl, Williamsburg, VA 23185",8559045014
Mission Rock Residential,Copperstone Apartment Homes,"420 85th Place SW, Everett, WA 98204",8338499103
Mission Rock Residential,The Park at Cooper Point Apartments,"3200 Capital Mall Dr. SW, Olympia, WA 98502",8338091950
Mission Rock Residential,Arbor Square Apartments,"606 Lilly Rd NE, Olympia, WA 98506",8669427696
Mission Rock Residential,Sierra Sun,"12419 172nd St E #NN101, Puyallup, WA 98374",844-239-7867
Mission Rock Residential,Lakeside Landing Apartments,"1414 S Mildred St, Tacoma, WA 98465",8333254928
Mission Rock Residential,Aravia Apartments,"2300 Brookdale Rd E, Tacoma, WA 98445",8338131487
Mission Rock Residential,Marketplace Apartments,"2900 General Anderson Rd, Vancouver, WA 98661",8556292452
Mission Rock Residential,Rock Creek Commons,"11800 NE 124th Ave, Vancouver, WA 98682",(855) 770-4433
Mission Rock Residential,15 West Apartments,"410 W Mill Plain Blvd, Vancouver, WA 98660",360-314-6431
Mission Rock Residential,13 West Apartments,"1300 Columbia St, Vancouver, WA 98660",360-314-6431
Mission Rock Residential,K West Apartments,"5500 Ne Fourth Plain Blvd, Vancouver, WA 98661",360-787-7121
Mission Rock Residential,Arnada Pointe,"4820 NE Hazel Dell Ave, Vancouver, WA 98663",360-543-8429
Mission Rock Residential CA,Parc Marin,"1441 Casa Buena Drive, Corte Madera, CA 94925",760-882-3436
Mission Rock Residential CA,Mission Rock at Novato,"Ignacio Hills 431 Ignacio Blvd, Novato, CA 94949",415-599-2204
Mission Rock Residential CA,Mission Rock at North Bay,"Ignacio Gardens 420 Alameda Del Prado, Novato, CA 94949",415-612-2027
Mission Rock Residential CA,Mission Rock at San Rafael,"109 Professional Center Parkway, San Rafael, CA 94903",415-419-8314
Mission Rock Residential CA,Mission Rock at Marin,"Albion Terrace 225 Nova Albion Way, San Rafael, CA 94903",628-336-1607
Mission Rock Residential CA,Mission Rock at Sonoma,"350 Robinson St, Sonoma, CA 95476",707-931-1997
