Title,Address,Price,Beds,Phone
"The Preserve at Owings Crossing Apartment ...
10 Brookebury Dr, Reisterstown, MD 21136","10 Brookebury Dr, Reisterstown, MD 21136",No Price,No Bed Info,No Phone
"The Villas at Bryn Mawr Apartment Homes
105 Charles Dr, Bryn Mawr, PA 19010","105 Charles Dr, Bryn Mawr, PA 19010",No Price,No Bed Info,No Phone
"Avery Park Apartment Homes
1801 Hampshire Green Ln, Silver Spring, MD 20903","1801 Hampshire Green Ln, Silver Spring, MD 20903",No Price,No Bed Info,No Phone
"Princeton Estates Apartment Homes
4637 Dallas Pl, Temple Hills, MD 20748","4637 Dallas Pl, Temple Hills, MD 20748",No Price,No Bed Info,No Phone
"Stoneridge at Mark Center Apartment Homes
5797A Rayburn Ave, Alexandria, VA 22311","5797A Rayburn Ave, Alexandria, VA 22311",No Price,No Bed Info,No Phone
"Traditions at Augusta Apartment Homes
3722 Walton Way Ext, Augusta, GA 30907","3722 Walton Way Ext, Augusta, GA 30907",No Price,No Bed Info,No Phone
"Astoria Park Apartment Homes
3640 Beluga Ln, Indianapolis, IN 46214","3640 Beluga Ln, Indianapolis, IN 46214",No Price,No Bed Info,No Phone
"Park West 205 Apartment Homes
1000 Park West Place, Pittsburgh, PA 15205","1000 Park West Place, Pittsburgh, PA 15205",No Price,No Bed Info,No Phone
"The Boardwalk at Westlake Apartments and T...
6000 Westlake Dr, Indianapolis, IN 46224","6000 Westlake Dr, Indianapolis, IN 46224",No Price,No Bed Info,No Phone
"Mad River Apartment Homes
7477 Shady Water Ln, Dayton, OH 45459","7477 Shady Water Ln, Dayton, OH 45459",No Price,No Bed Info,No Phone
"Waters Edge Apartment Homes (NC)
100 Waterview Dr, Concord, NC 28027","100 Waterview Dr, Concord, NC 28027",No Price,No Bed Info,No Phone
"Willow Lake Apartment Homes
13010 Old Stage Coach Rd, Laurel, MD 20708","13010 Old Stage Coach Rd, Laurel, MD 20708",No Price,No Bed Info,No Phone
"Village Square Apartments and Townhomes
8096 Crainmont Dr, Glen Burnie, MD 21061","8096 Crainmont Dr, Glen Burnie, MD 21061",No Price,No Bed Info,No Phone
"Harbor Place Apartment Homes
1101 Palmer Rd, Fort Washington, MD 20744","1101 Palmer Rd, Fort Washington, MD 20744",No Price,No Bed Info,No Phone
"Silver Spring Station Apartment Homes
1 Durban Ct, Baltimore, MD 21236","1 Durban Ct, Baltimore, MD 21236",No Price,No Bed Info,No Phone
"Park at Lake Magdalene Apartments and Town...
13401 Park Lake Dr, Tampa, FL 33618","13401 Park Lake Dr, Tampa, FL 33618",No Price,No Bed Info,No Phone
"Chesapeake Glen Apartment Homes
8034 Greenleaf Terrace, Glen Burnie, MD 21061","8034 Greenleaf Terrace, Glen Burnie, MD 21061",No Price,No Bed Info,No Phone
"Kingswood Apartments & Townhomes
580 Lewis Rd, King of Prussia, PA 19406","580 Lewis Rd, King of Prussia, PA 19406",No Price,No Bed Info,No Phone
"Quail Hollow Apartment Homes
7930 Silver Ct, Glen Burnie, MD 21061","7930 Silver Ct, Glen Burnie, MD 21061",No Price,No Bed Info,No Phone
"Riverton Knolls Apartment and Townhomes
312 Countess Dr, West Henrietta, NY 14586","312 Countess Dr, West Henrietta, NY 14586",No Price,No Bed Info,No Phone
"River Park Tower Apartment Homes
2601 West Ave, Newport News, VA 23607","2601 West Ave, Newport News, VA 23607",No Price,No Bed Info,No Phone
"Wissahickon Park Apartment Homes
757 E Main St, Lansdale, PA 19446","757 E Main St, Lansdale, PA 19446",No Price,No Bed Info,No Phone
"Blankenbaker Crossings Apartment Homes
2515 Shining Water Dr, Louisville, KY 40299","2515 Shining Water Dr, Louisville, KY 40299",No Price,No Bed Info,No Phone
"The Docks Apartments and Townhomes
501 Riverfront Dr, Pittsburgh, PA 15238","501 Riverfront Dr, Pittsburgh, PA 15238",No Price,No Bed Info,No Phone
"Hickory Creek Apartment and Townhomes
1150 Vultee Blvd, Nashville, TN 37217","1150 Vultee Blvd, Nashville, TN 37217",No Price,No Bed Info,No Phone
"Gateway Landing on the Canal Apartment Homes
155 Canal Landing Blvd, Rochester, NY 14626","155 Canal Landing Blvd, Rochester, NY 14626",No Price,No Bed Info,No Phone
"Lighthouse at Twin Lakes Apartment Homes
11932 Twinlakes Dr, Beltsville, MD 20705","11932 Twinlakes Dr, Beltsville, MD 20705",No Price,No Bed Info,No Phone
"Stonesthrow Apartment Homes
65 Century Cir, Greenville, SC 29607","65 Century Cir, Greenville, SC 29607",No Price,No Bed Info,No Phone
"Falls Creek Apartments and Townhomes
8800 Cattail Creek Pl, Raleigh, NC 27616","8800 Cattail Creek Pl, Raleigh, NC 27616",No Price,No Bed Info,No Phone
"Grove at Stonebrook Apartments and Townhomes
1405 Beaver Ruin Rd, Norcross, GA 30093","1405 Beaver Ruin Rd, Norcross, GA 30093",No Price,No Bed Info,No Phone
"Melrose on the Bay Apartment Homes
16321 Bolesta Rd, Clearwater, FL 33760","16321 Bolesta Rd, Clearwater, FL 33760",No Price,No Bed Info,No Phone
"Towson Crossing Apartment Homes
34 Dowling Cir, Baltimore, MD 21234","34 Dowling Cir, Baltimore, MD 21234",No Price,No Bed Info,No Phone
"Atkins Circle Apartments and Townhomes
12506 Atkins Circle Dr, Charlotte, NC 28277","12506 Atkins Circle Dr, Charlotte, NC 28277",No Price,No Bed Info,No Phone
"Mount Vernon Square Apartment Homes
2722 Arlington Dr, Alexandria, VA 22306","2722 Arlington Dr, Alexandria, VA 22306",No Price,No Bed Info,No Phone
"Lynbrook at Mark Center Apartment Homes
5510 Ascot Ct, Alexandria, VA 22311","5510 Ascot Ct, Alexandria, VA 22311",No Price,No Bed Info,No Phone
"Brookdale at Mark Center Apartment Homes
1400 N Beauregard St, Alexandria, VA 22311","1400 N Beauregard St, Alexandria, VA 22311",No Price,No Bed Info,No Phone
"Willow Run at Mark Center Apartment Homes
935 N Van Dorn St, Alexandria, VA 22304","935 N Van Dorn St, Alexandria, VA 22304",No Price,No Bed Info,No Phone
"Westlake at Morganton Apartment Homes
3311 Woodhill Ln, Fayetteville, NC 28314","3311 Woodhill Ln, Fayetteville, NC 28314",No Price,No Bed Info,No Phone
"Bennington Crossings Apartment Homes
4411 N Armistead St, Alexandria, VA 22312","4411 N Armistead St, Alexandria, VA 22312",No Price,No Bed Info,No Phone
"St. Marys Landing Apartments and Townhomes
21590 Pacific Dr, Lexington Park, MD 20653","21590 Pacific Dr, Lexington Park, MD 20653",No Price,No Bed Info,No Phone
"Cedar Creek Apartment Homes
215 Woodhill Dr, Glen Burnie, MD 21061","215 Woodhill Dr, Glen Burnie, MD 21061",No Price,No Bed Info,No Phone
"The Apartments at Diamond Ridge
2420 Bibury Ln, Baltimore, MD 21244","2420 Bibury Ln, Baltimore, MD 21244",No Price,No Bed Info,No Phone
"Blair Mill Village East Apartment Homes
3855 Blair Mill Rd, Horsham, PA 19044","3855 Blair Mill Rd, Horsham, PA 19044",No Price,No Bed Info,No Phone
"Arbors of Battle Creek Apartments and Town...
10 Rambling Ln, Battle Creek, MI 49015","10 Rambling Ln, Battle Creek, MI 49015",No Price,No Bed Info,No Phone
"Montgomery Manor Apartments & Townhomes
2701 Elroy Rd, Hatfield, PA 19440","2701 Elroy Rd, Hatfield, PA 19440",No Price,No Bed Info,No Phone
"Raintree Island Apartment Homes
103 Raintree Is, Tonawanda, NY 14150","103 Raintree Is, Tonawanda, NY 14150",No Price,No Bed Info,No Phone
"Presidential Arms Apartment Homes
9815 Presidential Dr, Allison Park, PA 15101","9815 Presidential Dr, Allison Park, PA 15101",No Price,No Bed Info,No Phone
"Parke Laurel Apartment Homes
13178 Larchdale Rd, Laurel, MD 20708","13178 Larchdale Rd, Laurel, MD 20708",No Price,No Bed Info,No Phone
"Keswick Village Apartments and Townhomes
2811 Keswick Village Ct, Conyers, GA 30013","2811 Keswick Village Ct, Conyers, GA 30013",No Price,No Bed Info,No Phone
"Cedar Gardens and Towers Apartments and To...
8246 Church Ln, Windsor Mill, MD 21244","8246 Church Ln, Windsor Mill, MD 21244",No Price,No Bed Info,No Phone
"Glen Ridge Apartment Homes
57 Glen Ridge Rd, Glen Burnie, MD 21061","57 Glen Ridge Rd, Glen Burnie, MD 21061",No Price,No Bed Info,No Phone
"Villages at Montpelier Apartment Homes
11686 S Laurel Dr, Laurel, MD 20708","11686 S Laurel Dr, Laurel, MD 20708",No Price,No Bed Info,No Phone
"Village at Cliffdale Apartment Homes
567 Cutchen Ln, Fayetteville, NC 28314","567 Cutchen Ln, Fayetteville, NC 28314",No Price,No Bed Info,No Phone
"Wexford Apartment Homes
1811 Wexford Meadows Ln, Charlotte, NC 28262","1811 Wexford Meadows Ln, Charlotte, NC 28262",No Price,No Bed Info,No Phone
"Champion Lake Apartment Homes
3501 Champion Lake Blvd, Shreveport, LA 71105","3501 Champion Lake Blvd, Shreveport, LA 71105",No Price,No Bed Info,No Phone
"Reserve at Lake Pointe Apartments and Town...
5800 Lynn Lake Dr S, Saint Petersburg, FL 33712","5800 Lynn Lake Dr S, Saint Petersburg, FL 33712",No Price,No Bed Info,No Phone
"Morningside Apartments and Townhomes
106 Pleasant Ridge Dr, Owings Mills, MD 21117","106 Pleasant Ridge Dr, Owings Mills, MD 21117",No Price,No Bed Info,No Phone
"Monarch Crossing Apartment Homes
13302 Garden State Dr, Newport News, VA 23602","13302 Garden State Dr, Newport News, VA 23602",No Price,No Bed Info,No Phone
"Windsor Lakes Apartment Homes
7499 Woodward Ave, Woodridge, IL 60517","7499 Woodward Ave, Woodridge, IL 60517",No Price,No Bed Info,No Phone
"Seagrass Apartment Homes
1701 San Pablo Rd S, Jacksonville, FL 32224","1701 San Pablo Rd S, Jacksonville, FL 32224",No Price,No Bed Info,No Phone
"Legacy of Cedar Hill Apartments and Townhomes
720 N Joe Wilson Rd, Cedar Hill, TX 75104","720 N Joe Wilson Rd, Cedar Hill, TX 75104",No Price,No Bed Info,No Phone
"Main Street Apartments
1450 Paramount Dr, Huntsville, AL 35806","1450 Paramount Dr, Huntsville, AL 35806",No Price,No Bed Info,No Phone
"Northwest Crossing Apartment Homes
8601 Gray Fox Rd, Randallstown, MD 21133","8601 Gray Fox Rd, Randallstown, MD 21133",No Price,No Bed Info,No Phone
"The Townhomes at Diamond Ridge
2531 Sarrington Cir, Baltimore, MD 21244","2531 Sarrington Cir, Baltimore, MD 21244",No Price,No Bed Info,No Phone
"The Glens at Diamond Ridge
2340 Noonham Rd, Baltimore, MD 21244","2340 Noonham Rd, Baltimore, MD 21244",No Price,No Bed Info,No Phone
"Seneca Bay Apartment Homes
3736 White Pine Rd, Middle River, MD 21220","3736 White Pine Rd, Middle River, MD 21220",No Price,No Bed Info,No Phone
"Stonegate at Devon Apartment Homes
300 Avon Rd, Devon, PA 19333","300 Avon Rd, Devon, PA 19333",No Price,No Bed Info,No Phone
"The Preserve at Grande Oaks Apartment Homes
111 Grande Oaks Dr, Fayetteville, NC 28314","111 Grande Oaks Dr, Fayetteville, NC 28314",No Price,No Bed Info,No Phone
"Hills of Aberdeen Apartment Homes
247 Marcliffe Dr, Valparaiso, IN 46385","247 Marcliffe Dr, Valparaiso, IN 46385",No Price,No Bed Info,No Phone
"Chateau Des Lions Apartment Homes
6000 Johnston St, Lafayette, LA 70503","6000 Johnston St, Lafayette, LA 70503",No Price,No Bed Info,No Phone
"Abrams Run Apartment Homes
111 Bill Smith Blvd, King Of Prussia, PA 19406","111 Bill Smith Blvd, King Of Prussia, PA 19406",No Price,No Bed Info,No Phone
"The Lakes of Schaumburg Apartment Homes
801 Belinder Ln, Schaumburg, IL 60173","801 Belinder Ln, Schaumburg, IL 60173",No Price,No Bed Info,No Phone
"Chase Lea Apartment Homes
1 Hartley Cir, Owings Mills, MD 21117","1 Hartley Cir, Owings Mills, MD 21117",No Price,No Bed Info,No Phone
"Avalon at Northbrook Apartments and Townhomes
10230 Avalon Way, Fort Wayne, IN 46825","10230 Avalon Way, Fort Wayne, IN 46825",No Price,No Bed Info,No Phone
"Waterview Apartment Homes
2 Waterview Rd, West Chester, PA 19380","2 Waterview Rd, West Chester, PA 19380",No Price,No Bed Info,No Phone
"Pavilion Court Apartment Homes
22675 Pavilion Dr, Novi, MI 48375","22675 Pavilion Dr, Novi, MI 48375",No Price,No Bed Info,No Phone
"Westerlee Apartment Homes
8 Poolside Ct, Catonsville, MD 21228","8 Poolside Ct, Catonsville, MD 21228",No Price,No Bed Info,No Phone
"Strafford Station Apartment Homes
432 Strafford Ave, Wayne, PA 19087","432 Strafford Ave, Wayne, PA 19087",No Price,No Bed Info,No Phone
"Carriage Hill Apartment Homes
3456 Carriage Hill Cor, Randallstown, MD 21133","3456 Carriage Hill Cor, Randallstown, MD 21133",No Price,No Bed Info,No Phone
"Montgomery Trace Apartment Homes
14120 Grand Pre Rd, Silver Spring, MD 20906","14120 Grand Pre Rd, Silver Spring, MD 20906",No Price,No Bed Info,No Phone
"The Village of Chartleytowne Apartments an...
401 Chartley Park Rd, Reisterstown, MD 21136","401 Chartley Park Rd, Reisterstown, MD 21136",No Price,No Bed Info,No Phone
"Tuscany Pointe at Tampa Apartment Homes
3350 W Hillsborough Ave, Tampa, FL 33614","3350 W Hillsborough Ave, Tampa, FL 33614",No Price,No Bed Info,No Phone
"The Village at Brierfield Apartment Homes
11609 Windy Creek Dr, Charlotte, NC 28262","11609 Windy Creek Dr, Charlotte, NC 28262",No Price,No Bed Info,No Phone
"Tuscany Pointe at Somerset Place Apartment...
23126 Post Gardens Way, Boca Raton, FL 33433","23126 Post Gardens Way, Boca Raton, FL 33433",No Price,No Bed Info,No Phone
"Skylark Pointe Apartment Homes
9150 Parkland Rd, Parkville, MD 21234","9150 Parkland Rd, Parkville, MD 21234",No Price,No Bed Info,No Phone
"Briarwood Apartments and Townhomes
679-A Waupelani Dr, State College, PA 16801","679-A Waupelani Dr, State College, PA 16801",No Price,No Bed Info,No Phone
"The Preserve at Sagebrook Apartment Homes
3091 Sagebrook Dr, Miamisburg, OH 45342","3091 Sagebrook Dr, Miamisburg, OH 45342",No Price,No Bed Info,No Phone
"Harborside Apartment Homes
3500 Oak Harbor Blvd, Slidell, LA 70461","3500 Oak Harbor Blvd, Slidell, LA 70461",No Price,No Bed Info,No Phone
"North Ponds Apartments Homes
129 Breno Dr, Webster, NY 14580","129 Breno Dr, Webster, NY 14580",No Price,No Bed Info,No Phone
"Blackhawk Apartment Homes
926 Congdon Ave, Elgin, IL 60120","926 Congdon Ave, Elgin, IL 60120",No Price,No Bed Info,No Phone
"Village at Potomac Falls Apartment Homes
20576 Idle Brook Ter, Sterling, VA 20165","20576 Idle Brook Ter, Sterling, VA 20165",No Price,No Bed Info,No Phone
"Verandas on the Green Apartment Homes
101 Fairway Rdg, Aiken, SC 29803","101 Fairway Rdg, Aiken, SC 29803",No Price,No Bed Info,No Phone
"Estates at McDonough Apartment Homes
601 Nail Rd, McDonough, GA 30253","601 Nail Rd, McDonough, GA 30253",No Price,No Bed Info,No Phone
"Royal St. George at the Villages Apartment...
1651 Brandywine Rd, West Palm Beach, FL 33409","1651 Brandywine Rd, West Palm Beach, FL 33409",No Price,No Bed Info,No Phone
"Parc at Flowing Wells Apartment Homes
1150 Interstate Pky, Augusta, GA 30909","1150 Interstate Pky, Augusta, GA 30909",No Price,No Bed Info,No Phone
"The Summit at Ridgewood Apartment and Town...
1035 Ridgewood Dr, Fort Wayne, IN 46805","1035 Ridgewood Dr, Fort Wayne, IN 46805",No Price,No Bed Info,No Phone
"Northampton Apartment Homes
67 Harry S Truman Dr, Largo, MD 20774","67 Harry S Truman Dr, Largo, MD 20774",No Price,No Bed Info,No Phone
"Peppertree Apartment Homes
1000 Robley Dr, Lafayette, LA 70503","1000 Robley Dr, Lafayette, LA 70503",No Price,No Bed Info,No Phone
"Lakewood I and II Apartment Homes
50 Lakewood Dr, Salisbury, NC 28147","50 Lakewood Dr, Salisbury, NC 28147",No Price,No Bed Info,No Phone
"The Preserve on Allisonville Townhomes
5830 River Wood Dr, Indianapolis, IN 46250","5830 River Wood Dr, Indianapolis, IN 46250",No Price,No Bed Info,No Phone
"Sheffield Heights Apartment Homes
700 Airways Cir, Nashville, TN 37214","700 Airways Cir, Nashville, TN 37214",No Price,No Bed Info,No Phone
"Marquis Place Apartment Homes
1000 Marquis Pl, Murrysville, PA 15668","1000 Marquis Pl, Murrysville, PA 15668",No Price,No Bed Info,No Phone
"The Elliott at College Park Apartment Homes
8760 LeMode Ct, Indianapolis, IN 46268","8760 LeMode Ct, Indianapolis, IN 46268",No Price,No Bed Info,No Phone
"Torrente Apartment Homes
2565 Boyce Plaza Rd, Upper Saint Clair, PA 15241","2565 Boyce Plaza Rd, Upper Saint Clair, PA 15241",No Price,No Bed Info,No Phone
"Tamarron Apartment Homes
18101 Marksman Cir, Olney, MD 20832","18101 Marksman Cir, Olney, MD 20832",No Price,No Bed Info,No Phone
"Palmer House Apartment Homes
4121 Palmer Park Cir E, New Albany, OH 43054","4121 Palmer Park Cir E, New Albany, OH 43054",No Price,No Bed Info,No Phone
"Lake Pointe Apartment Homes
3471 Sunnyside Dr, Portage, IN 46368","3471 Sunnyside Dr, Portage, IN 46368",No Price,No Bed Info,No Phone
"Regency Lakeside Apartment Homes
10506 Pacific St, Omaha, NE 68114","10506 Pacific St, Omaha, NE 68114",No Price,No Bed Info,No Phone
"Savannah Place Apartments and Townhomes
22356 Calibre Ct, Boca Raton, FL 33433","22356 Calibre Ct, Boca Raton, FL 33433",No Price,No Bed Info,No Phone
"Burnt Mill Apartment Homes
250 S Burnt Mill Rd, Voorhees, NJ 08043","250 S Burnt Mill Rd, Voorhees, NJ 08043",No Price,No Bed Info,No Phone
"Squires Manor Apartment Homes
7000 Squires Manor Ln, South Park, PA 15129","7000 Squires Manor Ln, South Park, PA 15129",No Price,No Bed Info,No Phone
"Maiden Bridge and Canongate Apartment Homes
100 White Hampton Ln, Pittsburgh, PA 15236","100 White Hampton Ln, Pittsburgh, PA 15236",No Price,No Bed Info,No Phone
"Taylor Park Apartment Homes
35-C Mopec Cir, Nottingham, MD 21236","35-C Mopec Cir, Nottingham, MD 21236",No Price,No Bed Info,No Phone
"Christopher Wren Apartments and Townhomes
501 Christopher Wren Dr, Wexford, PA 15090","501 Christopher Wren Dr, Wexford, PA 15090",No Price,No Bed Info,No Phone
"Emerald Pointe Townhomes
1239 Amber Ln, Harrisburg, PA 17111","1239 Amber Ln, Harrisburg, PA 17111",No Price,No Bed Info,No Phone
"Parkside at Castleton Square Apartments an...
6401 Woods Edge North Dr, Indianapolis, IN 46250","6401 Woods Edge North Dr, Indianapolis, IN 46250",No Price,No Bed Info,No Phone
"Preserve at Autumn Ridge Apartments and To...
14630 Autumn Ridge Ln, Watertown, NY 13601","14630 Autumn Ridge Ln, Watertown, NY 13601",No Price,No Bed Info,No Phone
"Glen Mar Apartment Homes
469 Glen Mar Rd, Glen Burnie, MD 21061","469 Glen Mar Rd, Glen Burnie, MD 21061",No Price,No Bed Info,No Phone
"Eastpointe Lakes Apartments and Townhomes
511 N Reynoldsburg - New Albany Rd, Blacklick, OH 43004","511 N Reynoldsburg - New Albany Rd, Blacklick, OH 43004",No Price,No Bed Info,No Phone
"Jackson Grove Apartment Homes
3417 Lebanon Pike, Nashville, TN 37076","3417 Lebanon Pike, Nashville, TN 37076",No Price,No Bed Info,No Phone
"Colonials Apartment Homes
836 Cooper Landing Rd, Cherry Hill, NJ 08002","836 Cooper Landing Rd, Cherry Hill, NJ 08002",No Price,No Bed Info,No Phone
"Lakeshore Reserve Off 86th Apartments and ...
8320 Spyglass Dr, Indianapolis, IN 46260","8320 Spyglass Dr, Indianapolis, IN 46260",No Price,No Bed Info,No Phone
"Reserve at Southpointe Apartment Homes
1000 Meadow Ln, Canonsburg, PA 15317","1000 Meadow Ln, Canonsburg, PA 15317",No Price,No Bed Info,No Phone
"Rochester Village Apartments at Park Place
10100 Kettlecreek Dr, Cranberry Township, PA 16066","10100 Kettlecreek Dr, Cranberry Township, PA 16066",No Price,No Bed Info,No Phone
"Chateau Mirage Apartment Homes
1630 Rue Du Belier, Lafayette, LA 70506","1630 Rue Du Belier, Lafayette, LA 70506",No Price,No Bed Info,No Phone
"Creekside at Greenlawn Apartment Homes
600 Greenlawn Dr, Columbia, SC 29209","600 Greenlawn Dr, Columbia, SC 29209",No Price,No Bed Info,No Phone
"Top Field Apartment Homes
10701 Cardington Way, Cockeysville, MD 21030","10701 Cardington Way, Cockeysville, MD 21030",No Price,No Bed Info,No Phone
"The Residences at Stonebrook Apartment Homes
121 Hickory Trace Dr, Nashville, TN 37211","121 Hickory Trace Dr, Nashville, TN 37211",No Price,No Bed Info,No Phone
"Nineteen North Apartments and Townhomes
1050 Nineteen North Dr, Pittsburgh, PA 15237","1050 Nineteen North Dr, Pittsburgh, PA 15237",No Price,No Bed Info,No Phone
"Clifton Park Apartment Homes
4110 W Clifton Cir, New Albany, OH 43054","4110 W Clifton Cir, New Albany, OH 43054",No Price,No Bed Info,No Phone
"Worthington Apartments and Townhomes
1526 Flat River Dr, Charlotte, NC 28262","1526 Flat River Dr, Charlotte, NC 28262",No Price,No Bed Info,No Phone
"Audubon Lake Apartment Homes
1019 Kaliste Saloom Rd, Lafayette, LA 70508","1019 Kaliste Saloom Rd, Lafayette, LA 70508",No Price,No Bed Info,No Phone
"The Woods at Polaris Parkway Apartment Homes
865 Glenmore Way, Westerville, OH 43082","865 Glenmore Way, Westerville, OH 43082",No Price,No Bed Info,No Phone
"Brookside Manor Apartments and Townhomes
2 Willow Ln, Lansdale, PA 19446","2 Willow Ln, Lansdale, PA 19446",No Price,No Bed Info,No Phone
"Easton Commons Apartments and Townhomes
4011 Easton Way, Columbus, OH 43219","4011 Easton Way, Columbus, OH 43219",No Price,No Bed Info,No Phone
"Highlands of Montour Run Apartment Homes
100 Lincoln Highlands Dr, Coraopolis, PA 15108","100 Lincoln Highlands Dr, Coraopolis, PA 15108",No Price,No Bed Info,No Phone
"Carden Place Apartment Homes
101 Carden Place Dr, Mebane, NC 27302","101 Carden Place Dr, Mebane, NC 27302",No Price,No Bed Info,No Phone
"The Pointe at Stafford Apartment Homes
300 Park Ridge Ct, Stafford, VA 22554","300 Park Ridge Ct, Stafford, VA 22554",No Price,No Bed Info,No Phone
"Parkway Station Apartment Homes
100 Samuel Adams Cir, Concord, NC 28027","100 Samuel Adams Cir, Concord, NC 28027",No Price,No Bed Info,No Phone
"Woodacres Apartment Homes
915 Cedar Tree Ln, Claymont, DE 19703","915 Cedar Tree Ln, Claymont, DE 19703",No Price,No Bed Info,No Phone
"River Walk Apartment Homes
1000 River Walk Blvd, Shreveport, LA 71105","1000 River Walk Blvd, Shreveport, LA 71105",No Price,No Bed Info,No Phone
"Bishops View Apartments and Townhomes
2395 Route 70 Pike W, Cherry Hill, NJ 08034","2395 Route 70 Pike W, Cherry Hill, NJ 08034",No Price,No Bed Info,No Phone
"Lumberton Apartment Homes
1401 Windmill Way, Lumberton, NJ 08048","1401 Windmill Way, Lumberton, NJ 08048",No Price,No Bed Info,No Phone
"Park Place of South Park Apartment Homes
1700 Patrick Pl, South Park, PA 15129","1700 Patrick Pl, South Park, PA 15129",No Price,No Bed Info,No Phone
"The Waterfront Apartments and Townhomes
611 E Waterfront Dr, Munhall, PA 15120","611 E Waterfront Dr, Munhall, PA 15120",No Price,No Bed Info,No Phone
"Willowbrook Apartment Homes
2070 Mill Rd, Jeffersonville, PA 19403","2070 Mill Rd, Jeffersonville, PA 19403",No Price,No Bed Info,No Phone
"Summerlin at Concord Apartment Homes
500 Summerlake Dr SW, Concord, NC 28025","500 Summerlake Dr SW, Concord, NC 28025",No Price,No Bed Info,No Phone
"The Overlook At Golden Hills Apartment Homes
300 Caughman Farm Ln, Lexington, SC 29072","300 Caughman Farm Ln, Lexington, SC 29072",No Price,No Bed Info,No Phone
"The Lakes of Beavercreek Apartment Homes
340 Clover Ln, Beavercreek, OH 45440","340 Clover Ln, Beavercreek, OH 45440",No Price,No Bed Info,No Phone
"Saratoga Crossing Apartments & Townhomes
6141 Cedar Creek Way, Farmington, NY 14425","6141 Cedar Creek Way, Farmington, NY 14425",No Price,No Bed Info,No Phone
"The Preserve at Beckett Ridge Apartments a...
2515 Fox Sedge Way, West Chester, OH 45069","2515 Fox Sedge Way, West Chester, OH 45069",No Price,No Bed Info,No Phone
"Riverwind Apartment Homes
200 Heywood Ave, Spartanburg, SC 29307","200 Heywood Ave, Spartanburg, SC 29307",No Price,No Bed Info,No Phone
"Kings Manor Apartment Homes
2161 Camelot Dr, Harrisburg, PA 17110","2161 Camelot Dr, Harrisburg, PA 17110",No Price,No Bed Info,No Phone
"The Landings at Meadowood Apartment Homes
111 Pebblewood Ln, Baldwinsville, NY 13027","111 Pebblewood Ln, Baldwinsville, NY 13027",No Price,No Bed Info,No Phone
"Sharon Pointe Apartment Homes
5626 Sharon Pointe Rd, Charlotte, NC 28215","5626 Sharon Pointe Rd, Charlotte, NC 28215",No Price,No Bed Info,No Phone
"Mallards Landing Apartment Home
4501 Packard Dr, Nashville, TN 37211","4501 Packard Dr, Nashville, TN 37211",No Price,No Bed Info,No Phone
"Morganton Place Apartment Homes
5650 Netherfield Pl, Fayetteville, NC 28314","5650 Netherfield Pl, Fayetteville, NC 28314",No Price,No Bed Info,No Phone
"Cobblestone Grove Apartment Homes
1 Westwood Dr, Fairfield, OH 45014","1 Westwood Dr, Fairfield, OH 45014",No Price,No Bed Info,No Phone
"Clemmons Station Apartment Homes
3405 Cook Place Dr, Clemmons, NC 27012","3405 Cook Place Dr, Clemmons, NC 27012",No Price,No Bed Info,No Phone
"St. Andrews Commons Apartment Homes
1200 St Andrews Rd, Columbia, SC 29210","1200 St Andrews Rd, Columbia, SC 29210",No Price,No Bed Info,No Phone
"The Greens at Westgate Apartment Homes
1800 Kenneth Rd, York, PA 17408","1800 Kenneth Rd, York, PA 17408",No Price,No Bed Info,No Phone
"Place One Apartment Homes
777 W Germantown Pike, Plymouth Meeting, PA 19462","777 W Germantown Pike, Plymouth Meeting, PA 19462",No Price,No Bed Info,No Phone
"The Kane Apartment Homes
2971 Kane Rd, Aliquippa, PA 15001","2971 Kane Rd, Aliquippa, PA 15001",No Price,No Bed Info,No Phone
"Lakeside Crossing at Eagle Creek Apartment...
3833 Wind Drift Dr, Indianapolis, IN 46254","3833 Wind Drift Dr, Indianapolis, IN 46254",No Price,No Bed Info,No Phone
"Hampton Greene Apartment Homes
500 Gills Creek Pkwy, Columbia, SC 29209","500 Gills Creek Pkwy, Columbia, SC 29209",No Price,No Bed Info,No Phone
"Timberlake Apartment Homes
2803 Stanbridge St, East Norriton, PA 19401","2803 Stanbridge St, East Norriton, PA 19401",No Price,No Bed Info,No Phone
"Brookmont Apartment Homes
600 Red Lion Rd, Philadelphia, PA 19115","600 Red Lion Rd, Philadelphia, PA 19115",No Price,No Bed Info,No Phone
"Woodland Acres Townhomes
3788 Timber Trl, Liverpool, NY 13090","3788 Timber Trl, Liverpool, NY 13090",No Price,No Bed Info,No Phone
"The Preserve at Milltown Apartment Homes
500 Meadowlake Dr, Downingtown, PA 19335","500 Meadowlake Dr, Downingtown, PA 19335",No Price,No Bed Info,No Phone
"Century Lake Apartment Homes
51 Bishopsgate Dr, Cincinnati, OH 45246","51 Bishopsgate Dr, Cincinnati, OH 45246",No Price,No Bed Info,No Phone
"Lakewood Hills Apartments and Townhomes
821 Sequoia Dr, Harrisburg, PA 17109","821 Sequoia Dr, Harrisburg, PA 17109",No Price,No Bed Info,No Phone
"Union Square Apartment Homes
6 Goldenroot Lane, North Chili, NY 14514","6 Goldenroot Lane, North Chili, NY 14514",No Price,No Bed Info,No Phone
"Quakertown West Apartment Homes
491 S 9th St, Quakertown, PA 18951","491 S 9th St, Quakertown, PA 18951",No Price,No Bed Info,No Phone
"Willowood Apartment Homes
15-H Washington Ln, Westminster, MD 21157","15-H Washington Ln, Westminster, MD 21157",No Price,No Bed Info,No Phone
"Hidden Lakes Apartment Homes
2480 Foxhill Dr, Miamisburg, OH 45342","2480 Foxhill Dr, Miamisburg, OH 45342",No Price,No Bed Info,No Phone
"Ross Ridge Apartment Homes
6800 Averill Rd, Rosedale, MD 21237","6800 Averill Rd, Rosedale, MD 21237",No Price,No Bed Info,No Phone
"Forest Oaks Apartment Homes
1878 Gingercake Cir, Rock Hill, SC 29732","1878 Gingercake Cir, Rock Hill, SC 29732",No Price,No Bed Info,No Phone
"Chesterfield Apartment Homes
1338 Veterans Hwy, Levittown, PA 19056","1338 Veterans Hwy, Levittown, PA 19056",No Price,No Bed Info,No Phone
"Villa Du Lac Apartment Homes
62200 W End Blvd, Slidell, LA 70461","62200 W End Blvd, Slidell, LA 70461",No Price,No Bed Info,No Phone
"Main Street Apartment Homes
1158 Welsh Rd, Lansdale, PA 19446","1158 Welsh Rd, Lansdale, PA 19446",No Price,No Bed Info,No Phone
"The Gates of Deer Grove Apartment Homes
125 W Dundee Rd, Palatine, IL 60074","125 W Dundee Rd, Palatine, IL 60074",No Price,No Bed Info,No Phone
"Club at North Hills Apartment Homes
700 Duncan Ave, Pittsburgh, PA 15237","700 Duncan Ave, Pittsburgh, PA 15237",No Price,No Bed Info,No Phone
"Briarwood Place Apartment Homes
8800 Hunting Ln, Laurel, MD 20708","8800 Hunting Ln, Laurel, MD 20708",No Price,No Bed Info,No Phone
"Haywood Reserve Apartment Homes
826 Old Airport Rd, Greenville, SC 29607","826 Old Airport Rd, Greenville, SC 29607",No Price,No Bed Info,No Phone
"Cannon Mills & Westover Apartment Homes
105 Katrina Way, Dover, DE 19904","105 Katrina Way, Dover, DE 19904",No Price,No Bed Info,No Phone
"Summit Pointe Apartment Homes
108 Summit Pointe Dr, Scranton, PA 18508","108 Summit Pointe Dr, Scranton, PA 18508",No Price,No Bed Info,No Phone
"Camp Hill Plaza Apartment Homes
121 November Dr, Camp Hill, PA 17011","121 November Dr, Camp Hill, PA 17011",No Price,No Bed Info,No Phone
"Gable Hill Apartment Homes
310 Ross Rd, Columbia, SC 29223","310 Ross Rd, Columbia, SC 29223",No Price,No Bed Info,No Phone
"Arbors at Edenbridge Apartments and Townhomes
8309 Arbor Station Way, Parkville, MD 21234","8309 Arbor Station Way, Parkville, MD 21234",No Price,No Bed Info,No Phone
"1022 West Apartment Homes
1022 W Buford St, Gaffney, SC 29341","1022 W Buford St, Gaffney, SC 29341",No Price,No Bed Info,No Phone
"Curren Terrace Apartment Homes
1011 New Hope St, Norristown, PA 19401","1011 New Hope St, Norristown, PA 19401",No Price,No Bed Info,No Phone
"Sherwood Crossing Apartments and Townhomes
3400 Red Lion Rd, Philadelphia, PA 19114","3400 Red Lion Rd, Philadelphia, PA 19114",No Price,No Bed Info,No Phone
"The Village of Laurel Ridge and The Encore...
399 Ring Neck Dr, Harrisburg, PA 17112","399 Ring Neck Dr, Harrisburg, PA 17112",No Price,No Bed Info,No Phone
"William Penn Village Apartment Homes
595 Tulip Ln, New Castle, DE 19720","595 Tulip Ln, New Castle, DE 19720",No Price,No Bed Info,No Phone
"Charlesmont Apartment Homes
3000 Wallford Dr, Dundalk, MD 21222","3000 Wallford Dr, Dundalk, MD 21222",No Price,No Bed Info,No Phone
"Gwynnbrook Townhomes
5136 Oaklawn Rd, Baltimore, MD 21207","5136 Oaklawn Rd, Baltimore, MD 21207",No Price,No Bed Info,No Phone
"The Willows Apartment Homes
116 B Warwickshire Ln, Glen Burnie, MD 21061","116 B Warwickshire Ln, Glen Burnie, MD 21061",No Price,No Bed Info,No Phone
"Village Place Apartment Homes
2111 Brandywine Rd, West Palm Beach, FL 33409","2111 Brandywine Rd, West Palm Beach, FL 33409",No Price,No Bed Info,No Phone
"Towers of Windsor Park Apartment Homes
3005 Chapel Ave, Cherry Hill, NJ 08002","3005 Chapel Ave, Cherry Hill, NJ 08002",No Price,No Bed Info,No Phone
"Imperial North Apartment Homes
4672-4718 Dewey Ave, Rochester, NY 14612","4672-4718 Dewey Ave, Rochester, NY 14612",No Price,No Bed Info,No Phone
"Westpointe Apartment Homes
2000 Westpointe Dr, Pittsburgh, PA 15205","2000 Westpointe Dr, Pittsburgh, PA 15205",No Price,No Bed Info,No Phone
"Huntersville Apartment Homes
300 Hunters Rd, Huntersville, NC 28078","300 Hunters Rd, Huntersville, NC 28078",No Price,No Bed Info,No Phone
"Country Village Apartment Homes
480-A Country Dr, Dover, DE 19901","480-A Country Dr, Dover, DE 19901",No Price,No Bed Info,No Phone
"Gable Oaks Apartment Homes
752 Patriot Pky, Rock Hill, SC 29730","752 Patriot Pky, Rock Hill, SC 29730",No Price,No Bed Info,No Phone
"The Meadows Apartment Homes
140 Westbrook Hills Dr, Syracuse, NY 13215","140 Westbrook Hills Dr, Syracuse, NY 13215",No Price,No Bed Info,No Phone
"Alexander Station Apartment Homes
200 Hamilton Dr, Salisbury, NC 28147","200 Hamilton Dr, Salisbury, NC 28147",No Price,No Bed Info,No Phone
"Hill Brook Place Apartment Homes
2517 Dunksferry Rd, Bensalem, PA 19020","2517 Dunksferry Rd, Bensalem, PA 19020",No Price,No Bed Info,No Phone
"Fox Run Apartments and Townhomes
900 Woodchuck Pl, Bear, DE 19701","900 Woodchuck Pl, Bear, DE 19701",No Price,No Bed Info,No Phone
"The Waterford Apartment Homes
1340 Longcreek Dr, Columbia, SC 29210","1340 Longcreek Dr, Columbia, SC 29210",No Price,No Bed Info,No Phone
"Gwynn Oaks Landing Apartments and Townhomes
3101 Windsor Blvd, Gwynn Oak, MD 21207","3101 Windsor Blvd, Gwynn Oak, MD 21207",No Price,No Bed Info,No Phone
"Park Towers Apartment Homes
3905 Tower Dr, Richton Park, IL 60471","3905 Tower Dr, Richton Park, IL 60471",No Price,No Bed Info,No Phone
"High Acres Apartments and Townhomes
5111 Ball Rd, Syracuse, NY 13215","5111 Ball Rd, Syracuse, NY 13215",No Price,No Bed Info,No Phone
"Eagles Crest Apartment Homes
1008 Eaglecrest Ct, Harrisburg, PA 17109","1008 Eaglecrest Ct, Harrisburg, PA 17109",No Price,No Bed Info,No Phone
"Congress Apartment Homes
1207 E Congress St, Allentown, PA 18109","1207 E Congress St, Allentown, PA 18109",No Price,No Bed Info,No Phone
"Idylwood Resort Apartment Homes
101 Slate Creek Dr, Buffalo, NY 14227","101 Slate Creek Dr, Buffalo, NY 14227",No Price,No Bed Info,No Phone
"Reserve at Kenton Place Apartment Homes
17110 W Kenton Ave, Cornelius, NC 28031","17110 W Kenton Ave, Cornelius, NC 28031",No Price,No Bed Info,No Phone
"Montgomery Woods Townhomes
4 Montgomery Dr, Harleysville, PA 19438","4 Montgomery Dr, Harleysville, PA 19438",No Price,No Bed Info,No Phone
"Forge Gate Apartment Homes
100 Snyder Rd, Lansdale, PA 19446","100 Snyder Rd, Lansdale, PA 19446",No Price,No Bed Info,No Phone
"Chason Ridge Apartment Homes
600 Scotia Ln, Fayetteville, NC 28314","600 Scotia Ln, Fayetteville, NC 28314",No Price,No Bed Info,No Phone
"Crescent at Wolfchase Apartment Homes
7819 Crescent Ridge Ln, Memphis, TN 38133","7819 Crescent Ridge Ln, Memphis, TN 38133",No Price,No Bed Info,No Phone
"Kannan Station Apartment Homes
1100 Coopers Ridge Dr, Kannapolis, NC 28083","1100 Coopers Ridge Dr, Kannapolis, NC 28083",No Price,No Bed Info,No Phone
"Marchwood Apartment Homes
105 Coach Ln, Exton, PA 19341","105 Coach Ln, Exton, PA 19341",No Price,No Bed Info,No Phone
"Whitestone Village Apartment Homes
2647 SW 30th St SW, Allentown, PA 18103","2647 SW 30th St SW, Allentown, PA 18103",No Price,No Bed Info,No Phone
"Lincoya Bay Apartments and Townhomes
3000 Lincoya Bay Dr, Nashville, TN 37214","3000 Lincoya Bay Dr, Nashville, TN 37214",No Price,No Bed Info,No Phone
"933 the U Apartment Homes
911-933 University Ave, Rochester, NY 14607","911-933 University Ave, Rochester, NY 14607",No Price,No Bed Info,No Phone
"Greentree Village Townhomes
519 Greentree Vlg, Lebanon, PA 17042","519 Greentree Vlg, Lebanon, PA 17042",No Price,No Bed Info,No Phone
"Mews at Annandale Townhomes
1 Ashwood Ct, Annandale, NJ 08801","1 Ashwood Ct, Annandale, NJ 08801",No Price,No Bed Info,No Phone
"The Avalon Apartment Homes
841 California Ave, Avalon, PA 15202","841 California Ave, Avalon, PA 15202",No Price,No Bed Info,No Phone
"Cranbury Crossing Apartment Homes
1 Cranbury Cir, East Brunswick, NJ 08816","1 Cranbury Cir, East Brunswick, NJ 08816",No Price,No Bed Info,No Phone
"Wexford Lakes Apartments and Townhomes
1100 Burnham Dr, Columbus, OH 43228","1100 Burnham Dr, Columbus, OH 43228",No Price,No Bed Info,No Phone
"The Links at CenterPointe Townhomes
2355 Brickyard Rd, Canandaigua, NY 14424","2355 Brickyard Rd, Canandaigua, NY 14424",No Price,No Bed Info,No Phone
"Heather Park Apartment Homes
725 Heather Park Dr, Garner, NC 27529","725 Heather Park Dr, Garner, NC 27529",No Price,No Bed Info,No Phone
"Webster Green Apartment Homes
1205 Rousseau Dr, Webster, NY 14580","1205 Rousseau Dr, Webster, NY 14580",No Price,No Bed Info,No Phone
"Highland Ridge Apartment Homes
2452 Bellemeade St, High Point, NC 27263","2452 Bellemeade St, High Point, NC 27263",No Price,No Bed Info,No Phone
"Lincoln Park Apartments and Townhomes
1342 W Wyomissing Ct, West Lawn, PA 19609","1342 W Wyomissing Ct, West Lawn, PA 19609",No Price,No Bed Info,No Phone
"The Cascades Apartments and Townhomes
100 E West Dr, Pittsburgh, PA 15237","100 E West Dr, Pittsburgh, PA 15237",No Price,No Bed Info,No Phone
"Moorestowne Woods Apartment Homes
138 New Albany Rd, Moorestown, NJ 08057","138 New Albany Rd, Moorestown, NJ 08057",No Price,No Bed Info,No Phone
"Mapleton Square Apartment Homes
177 Willis Rd, Dover, DE 19901","177 Willis Rd, Dover, DE 19901",No Price,No Bed Info,No Phone
"Auburn Creek Apartment Homes
7420 Shallow Creek Trl, Victor, NY 14564","7420 Shallow Creek Trl, Victor, NY 14564",No Price,No Bed Info,No Phone
"Lions Gate Townhomes
101 N Cheviot Way, Red Lion, PA 17356","101 N Cheviot Way, Red Lion, PA 17356",No Price,No Bed Info,No Phone
"Canal Crossing Apartment Homes
130 Saddlestone Pl, Camillus, NY 13031","130 Saddlestone Pl, Camillus, NY 13031",No Price,No Bed Info,No Phone
"Cranford Crossing Apartment Homes
2 W South Ave, Cranford, NJ 07016","2 W South Ave, Cranford, NJ 07016",No Price,No Bed Info,No Phone
"Steeplechase Apartments and Townhomes
1009 N Holland Sylvania Rd, Toledo, OH 43615","1009 N Holland Sylvania Rd, Toledo, OH 43615",No Price,No Bed Info,No Phone
"Mt. Arlington Gardens Apartment Homes
48 Henry Ct, Mt. Arlington, NJ 07856","48 Henry Ct, Mt. Arlington, NJ 07856",No Price,No Bed Info,No Phone
"Eastampton Gardens Apartment Homes
1a Bentley Rd, Eastampton, NJ 08060","1a Bentley Rd, Eastampton, NJ 08060",No Price,No Bed Info,No Phone
"Perinton Manor Apartment Homes
62 Manorshire Dr, Fairport, NY 14450","62 Manorshire Dr, Fairport, NY 14450",No Price,No Bed Info,No Phone
"Oakmonte Apartment Homes
1 Oakmonte Blvd, Webster, NY 14580","1 Oakmonte Blvd, Webster, NY 14580",No Price,No Bed Info,No Phone
"Eatoncrest Apartment Homes
180 Eaton Crest Dr, Eatontown, NJ 07724","180 Eaton Crest Dr, Eatontown, NJ 07724",No Price,No Bed Info,No Phone
"Carlwynne Manor Apartment Homes
860 Carlwynne Mnr, Carlisle, PA 17013","860 Carlwynne Mnr, Carlisle, PA 17013",No Price,No Bed Info,No Phone
"Kings Court Manor Apartment Homes
2 Kings Court Way, Rochester, NY 14617","2 Kings Court Way, Rochester, NY 14617",No Price,No Bed Info,No Phone
"Fairways Apartment Homes
1501 Old Blackhorse Pike, Blackwood, NJ 08012","1501 Old Blackhorse Pike, Blackwood, NJ 08012",No Price,No Bed Info,No Phone
"Hilton Village Apartment Homes
460 Village II Dr, Hilton, NY 14468","460 Village II Dr, Hilton, NY 14468",No Price,No Bed Info,No Phone
"Woodview at Marlton Apartment Homes
175 Daphne Dr, Marlton, NJ 08053","175 Daphne Dr, Marlton, NJ 08053",No Price,No Bed Info,No Phone
"Sherwood Village Apartment Homes
3A Hunters Cir, Eastampton, NJ 08060","3A Hunters Cir, Eastampton, NJ 08060",No Price,No Bed Info,No Phone
"Penfield Village Apartment Homes
351 Penbrooke Dr, Penfield, NY 14526","351 Penbrooke Dr, Penfield, NY 14526",No Price,No Bed Info,No Phone
"Crossroads Apartment and Townhomes
3563 Big Ridge Rd, Spencerport, NY 14559","3563 Big Ridge Rd, Spencerport, NY 14559",No Price,No Bed Info,No Phone
"Knollwood Manor Apartment Homes
38 Boxwood Ln, Fairport, NY 14450","38 Boxwood Ln, Fairport, NY 14450",No Price,No Bed Info,No Phone
"Sherry Lake Apartment Homes
1801 Butler Pike, Conshohocken, PA 19428","1801 Butler Pike, Conshohocken, PA 19428",No Price,No Bed Info,No Phone
"Roberts Mill Apartments and Townhomes
31 S Church Rd, Maple Shade, NJ 08052","31 S Church Rd, Maple Shade, NJ 08052",No Price,No Bed Info,No Phone
"Henrietta Highlands Apartment Homes
41 High Manor Dr, Henrietta, NY 14467","41 High Manor Dr, Henrietta, NY 14467",No Price,No Bed Info,No Phone
"Steeplechase Apartment Homes
5625 W Genesee St, Camillus, NY 13031","5625 W Genesee St, Camillus, NY 13031",No Price,No Bed Info,No Phone
"Forestbrook Apartments and Townhomes
2805 Shadblow Ln, West Columbia, SC 29170","2805 Shadblow Ln, West Columbia, SC 29170",No Price,No Bed Info,No Phone
"South Mountain Apartment Homes
2414 Prospect Ave, Allentown, PA 18103","2414 Prospect Ave, Allentown, PA 18103",No Price,No Bed Info,No Phone
"Webster Manor Apartment Homes
40 Webster Manor Dr, Webster, NY 14580","40 Webster Manor Dr, Webster, NY 14580",No Price,No Bed Info,No Phone
"Glen Ellen Apartment Homes
73 Cedar Ave, Long Branch, NJ 07740","73 Cedar Ave, Long Branch, NJ 07740",No Price,No Bed Info,No Phone
"The Carlyle Apartment Homes
500 W University Pky, Baltimore, MD 21210","500 W University Pky, Baltimore, MD 21210",No Price,No Bed Info,No Phone
"Elmwood Terrace Apartments and Townhomes
95 Elmwood Ter, Rochester, NY 14620","95 Elmwood Ter, Rochester, NY 14620",No Price,No Bed Info,No Phone
"Westview Commons Apartment Homes
350 Westview Commons Blvd, Rochester, NY 14624","350 Westview Commons Blvd, Rochester, NY 14624",No Price,No Bed Info,No Phone
"The Waterway Apartment Homes
121 Northpoint Dr, Lexington, SC 29072","121 Northpoint Dr, Lexington, SC 29072",No Price,No Bed Info,No Phone
"Tory Estates Apartment Homes
1801 Broadacres Dr, Clementon, NJ 08021","1801 Broadacres Dr, Clementon, NJ 08021",No Price,No Bed Info,No Phone
"Ethan Pointe Apartment Homes
2299 Brighton Henrietta Town Line Rd, Rochester, NY 14623","2299 Brighton Henrietta Town Line Rd, Rochester, NY 14623",No Price,No Bed Info,No Phone
"East Ridge Manor Apartment Homes
2389 E Ridge Rd, Rochester, NY 14622","2389 E Ridge Rd, Rochester, NY 14622",No Price,No Bed Info,No Phone
"Blair Mill Village West Apartment Homes
101 Allison Rd, Horsham, PA 19044","101 Allison Rd, Horsham, PA 19044",No Price,No Bed Info,No Phone
"The Marylander Apartment Homes
3501 St Paul St, Baltimore, MD 21218","3501 St Paul St, Baltimore, MD 21218",No Price,No Bed Info,No Phone
"Lake Vista Apartment Homes
30 Lake Vista Ct, Rochester, NY 14612","30 Lake Vista Ct, Rochester, NY 14612",No Price,No Bed Info,No Phone
"Dixon Manor Apartment Homes
2362-1 Culver Rd, Rochester, NY 14609","2362-1 Culver Rd, Rochester, NY 14609",No Price,No Bed Info,No Phone
"Oxford Manor Apartments and Townhomes
5349 Oxford Dr, Mechanicsburg, PA 17055","5349 Oxford Dr, Mechanicsburg, PA 17055",No Price,No Bed Info,No Phone
"Penbrooke Meadows Apartment Homes
351 Penbrooke Dr, Penfield, NY 14526","351 Penbrooke Dr, Penfield, NY 14526",No Price,No Bed Info,No Phone
"Duncan Hill Apartment Homes
1000 Central Ave, Westfield, NJ 07090","1000 Central Ave, Westfield, NJ 07090",No Price,No Bed Info,No Phone
"Tanglewood Terrace Apartment Homes
16 Lenox Ct, Piscataway, NJ 08854","16 Lenox Ct, Piscataway, NJ 08854",No Price,No Bed Info,No Phone
"Brockport Crossings Apartments and Townhomes
419 Holley St, Brockport, NY 14420","419 Holley St, Brockport, NY 14420",No Price,No Bed Info,No Phone
"Hyde Park Apartment Homes
430 W Browning Rd, Bellmawr, NJ 08031","430 W Browning Rd, Bellmawr, NJ 08031",No Price,No Bed Info,No Phone
"Creek Hill Apartment Homes
1700-1732 Empire Blvd, Webster, NY 14580","1700-1732 Empire Blvd, Webster, NY 14580",No Price,No Bed Info,No Phone
"General Greene Village Apartment Homes
84A Wabeno Ave, Springfield, NJ 07081","84A Wabeno Ave, Springfield, NJ 07081",No Price,No Bed Info,No Phone
"Park Guilderland Apartment Homes
457 State Route 146, Guilderland Center, NY 12085","457 State Route 146, Guilderland Center, NY 12085",No Price,No Bed Info,No Phone
"Glenbrook Manor Apartment Homes
40 Hazelhurst Dr, Rochester, NY 14606","40 Hazelhurst Dr, Rochester, NY 14606",No Price,No Bed Info,No Phone
"Woodcrest Apartment Homes
892 Woodcrest Dr, Dover, DE 19904","892 Woodcrest Dr, Dover, DE 19904",No Price,No Bed Info,No Phone
"The Landings Apartment Homes
800 Falcon Dr, Absecon, NJ 08201","800 Falcon Dr, Absecon, NJ 08201",No Price,No Bed Info,No Phone
"Waverlywood Apartments and Townhomes
77 Deerhurst Ln, Webster, NY 14580","77 Deerhurst Ln, Webster, NY 14580",No Price,No Bed Info,No Phone
"Wedgewood Hills Apartment Homes
3250 Wakefield Rd, Harrisburg, PA 17109","3250 Wakefield Rd, Harrisburg, PA 17109",No Price,No Bed Info,No Phone
"Maplewood Estates Apartment Homes
4591 Southwestern Blvd, Hamburg, NY 14075","4591 Southwestern Blvd, Hamburg, NY 14075",No Price,No Bed Info,No Phone
"Elmwood Village Apartments and Townhomes
24 Mola Blvd, Elmwood Park, NJ 07407","24 Mola Blvd, Elmwood Park, NJ 07407",No Price,No Bed Info,No Phone
"Solon Club Apartment Homes
26433 Solon Rd, Oakwood Village, OH 44146","26433 Solon Rd, Oakwood Village, OH 44146",No Price,No Bed Info,No Phone
"Warwick Terrace Apartment Homes
413 N Warwick Rd, Somerdale, NJ 08083","413 N Warwick Rd, Somerdale, NJ 08083",No Price,No Bed Info,No Phone
"Imperial Gardens Apartment Homes
225 Berkman Dr, Middletown, NY 10941","225 Berkman Dr, Middletown, NY 10941",No Price,No Bed Info,No Phone
"Vineland Village Apartment Homes
890 E Walnut Rd, Vineland, NJ 08360","890 E Walnut Rd, Vineland, NJ 08360",No Price,No Bed Info,No Phone
"Station 153 Apartment Homes
153 Civic Center Blvd, Anderson, SC 29625","153 Civic Center Blvd, Anderson, SC 29625",No Price,No Bed Info,No Phone
"Ridgeview Apartment Homes
850 Carsonia Ave, Reading, PA 19606","850 Carsonia Ave, Reading, PA 19606",No Price,No Bed Info,No Phone
"Parkway Manor Apartment Homes
32 Portland Pky, Rochester, NY 14621","32 Portland Pky, Rochester, NY 14621",No Price,No Bed Info,No Phone
"Pittsford Garden Apartment Homes
3660 Monroe Ave, Pittsford, NY 14534","3660 Monroe Ave, Pittsford, NY 14534",No Price,No Bed Info,No Phone
"Emerald Springs Apartment Homes
12 Pondview, Painted Post, NY 14870","12 Pondview, Painted Post, NY 14870",No Price,No Bed Info,No Phone
"Hillcrest Village Apartment Homes
1515 Hillside Ave, Niskayuna, NY 12309","1515 Hillside Ave, Niskayuna, NY 12309",No Price,No Bed Info,No Phone
"Lakeshore Drive Apartment Homes
1 E Lake Shore Dr, Cincinnati, OH 45237","1 E Lake Shore Dr, Cincinnati, OH 45237",No Price,No Bed Info,No Phone
"Woodbrook Apartment Homes
2525 Woodbrook Ln, Monroe, NC 28110","2525 Woodbrook Ln, Monroe, NC 28110",No Price,No Bed Info,No Phone
"Riverside Towers Apartment Homes
10 Paul Robeson Blvd, New Brunswick, NJ 08901","10 Paul Robeson Blvd, New Brunswick, NJ 08901",No Price,No Bed Info,No Phone
,No Address,No Price,No Bed Info,No Phone
,No Address,No Price,No Bed Info,No Phone
,No Address,No Price,No Bed Info,No Phone
,No Address,No Price,No Bed Info,No Phone
,No Address,No Price,No Bed Info,No Phone
,No Address,No Price,No Bed Info,No Phone
,No Address,No Price,No Bed Info,No Phone
,No Address,No Price,No Bed Info,No Phone
,No Address,No Price,No Bed Info,No Phone
,No Address,No Price,No Bed Info,No Phone
