company_name,building_name,raw_address,phone
RPM Living,Casa Tierra,"4949 San Pedro Drive NE, Albuquerque, New Mexico 87109",(505) 634-7383
RPM Living,MOUNTAIN VISTA,"1501 Tramway Blvd. NE, Albuquerque, New Mexico 87112",505-657-0385
RPM Living,Sierra Meadows,"4236 Eubank Blvd. NE, Albuquerque, New Mexico 87111",505-509-5507
RPM Living,CIBOLA VILLAGE,"12400 Montgomery Blvd., NE, Albuquerque, New Mexico 87111",505-502-5052
RPM Living,Villa La Charles,"1220 Montgomery NE, Albuquerque, New Mexico 87111",505-509-5685
RPM Living,Pinewood Estates,"1401 Pennsylvania Street NE, Albuquerque, New Mexico 87110",505-337-0010
RPM Living,Tierra Pointe,"6801 Los Volcanes Road NW, Albuquerque, New Mexico 87121",(505) 657-8522
RPM Living,Comanche Wells,"3400 Comanche Road NE, Albuquerque, New Mexico 87107",(505) 594-8642
RPM Living,Griffin Crossings,"1597 W McIntosh Rd, Griffin, Georgia 30223",(678) 562-6670
RPM Living,Halcyon Grand,"6500 Halcyon Way, Alpharetta, Georgia 30005",678-846-6623
RPM Living,17th Street Lofts,"230 18th Street NW, Atlanta, Georgia 30363",404-991-3634
RPM Living,Altitude Atlanta,"250 Piedmont Ave NE, Atlanta, Georgia 30308",404-724-8633
RPM Living,Arbor Crossing,"10 Arbor Crossing Dr, Lithonia, Georgia 30058",(770) 981-5471
RPM Living,Atlas LaVista Hills,"2200 Parklake Drive NE, Atlanta, Georgia 30345",770-637-9538
RPM Living,Carrington Point,"50 Carrington Ln, Douglasville, Georgia 30135",770-637-9360
RPM Living,Park At Vinings,"3000 Spring Hill Pkwy, Smyrna, Georgia 30080",770-637-6361
RPM Living,Reserve At Twin Oaks,"1108 Montreal Road, Clarkston, Georgia 30021",404-491-8781
RPM Living,Sedgefield,"1136 W Commons Ln, Marietta, Georgia 30062",(256) 804-6317
RPM Living,The Alcove,"2200 Woodlands Drive, Smyrna, Georgia 30080",(256) 979-0692
RPM Living,Wellington Point,"50 Maner Terrace SE, Atlanta, Georgia 30339",404-793-8150
RPM Living,Tailor O4W,"525 North Ave NE, Atlanta, Georgia 30308",678-582-8106
RPM Living,The Park at Peachtree Hills,"480 Peachtree Hills Ave NE, Atlanta, Georgia 30305",678-324-4950
RPM Living,Aspire Lenox Park,"1050 Lenox Park Blvd NE, Atlanta, Georgia 30319",(470)-822-9889
RPM Living,Skyline ATL,"396 Piedmont Avenue NE, Atlanta, Georgia 30308",(470) 397-5839
RPM Living,The Ralston,"211 12th St, Columbus, Georgia 31901",706-400-6852
RPM Living,Union Green,"4980 Stonewall Tell Road, Atlanta, Georgia 30349",(404) 323-0563
RPM Living,Seven Seventy Glenwood,"770 Glenwood Ave Se, Atlanta, Georgia 30316",470-934-3547
RPM Living,Novo Stockbridge,"3152 Mount Zion Rd, Stockbridge, Georgia 30281",470-683-6757
RPM Living,Solis Kennesaw,"3069 Hidden Forest Ct, Marietta, Georgia 30066",470-942-3234
RPM Living,Ellie Apartments,"2900 Sunridge Drive, Austin, Texas 78741",512-489-9303
RPM Living,The Saint Mary,"7500 W Slaughter Ln, Austin, Texas 78749",512-866-7281
RPM Living,Chandelier,"2336 Douglas St, Austin, Texas 78741",(737) 345-4078
RPM Living,Trio,"2317 S. Pleasant Valley Road, Austin, Texas 78741",512-355-0858
RPM Living,Belara,"1500 Crossing Place, Austin, Texas 78741",512-866-0570
RPM Living,Brixton South Shore,"2435 E Riverside Dr, Austin, Texas 78741",512-768-6759
RPM Living,The Spoke,"2323 Town Lake Circle, Austin, Texas 78741",(512) 386-5200
RPM Living,Jewel Apartment Homes,"1616 Royal Crest Drive, Austin, Texas 78741",737-252-4341
RPM Living,Metropolitan,"2101 Elmont Drive, Austin, Texas 78741",(512) 445-4639
RPM Living,Mesh Apartments,"2101 Elmont Drive, Austin, Texas 78741",737-255-8958
RPM Living,Tambaleo Apartments,"2207 S 5th Street, Austin, Texas 78704",512-668-6224
RPM Living,Town Lake Villas,"2613 E Cesar Chavez St, Austin, Texas 78702",512-866-7557
RPM Living,Skyline at Barton Creek,"1300 Spyglass Dr, Austin, Texas 78746",737-252-4586
RPM Living,The Beverly Austin,"901 Red River St, Austin, Texas 78701",737-637-4576
RPM Living,Volume,"2604 Manor Rd, Austin, Texas 78722",737-252-3608
RPM Living,Enfield Court Apartments,"2606 Enfield Road, Austin, Texas 78703",737-276-5979
RPM Living,Duval Villa,"4305 Duval Street, Austin, Texas 78751",512-967-0504
RPM Living,The Reserve at Walnut Creek,"8038 Exchange Drive, Austin, Texas 78754",737-238-1783
RPM Living,The Grand at Manor,"10700 Genome Dr, Manor, Texas 78653",(737) 238-6162
RPM Living,Blu,"9500 Dessau Rd, Austin, Texas 78754",512-991-3056
RPM Living,The Ivy Apartments,"8912 North Lamar Blvd, Austin, Texas 78753",512-967-6380
RPM Living,Bridgehead,"6001 Shepherd Mountain Cove, Austin, Texas 78730",737-252-3728
RPM Living,10x Living at Grandview,"6500 Champion Grandview Way, Austin, Texas 78750",512-768-7528
RPM Living,The Vibe,"1070 Mearns Meadow Blvd, Austin, Texas 78758",512-883-2967
RPM Living,Parmer Place,"12101 Dessau Rd, Austin, Texas 78754",(737) 331-1662
RPM Living,The Langdon at Walnut Park,"12101 N Lamar Blvd, Austin, Texas 78753",(512) 661-0952
RPM Living,Madison Northridge,"12001 Metric Blvd, Austin, Texas 78758",512-855-6199
RPM Living,Radius at The Domain,"11900 Hobby Horse Ct, Austin, Texas 78758",512-886-5565
RPM Living,Twenty15,"2015 Cedar Bend Drive, Austin, Texas 78758",512-714-9093
RPM Living,Henry Heights,"12330 Metric Blvd, Austin, Texas 78758",512-412-3161
RPM Living,The Langdon on Parmer,"12430 Metric Blvd, Austin, Texas 78758",512-866-8748
RPM Living,Milo,"3220 Duval Road, Austin, Texas 78759",737-252-4490
RPM Living,Summer Grove,"7905 San Felipe Blvd, Austin, Texas 78729",512-866-8650
RPM Living,The Robinson on Melrose,"6511 Melrose Trail # B, Austin, Texas 78727",737-238-6132
RPM Living,The Baxter at Westwood,"10707 Lake Creek Parkway, Austin, Texas 78750",512-601-6967
RPM Living,North Creek Apartments,"500 Chris Kelley Blvd, Hutto, Texas 78634",512-846-6141
RPM Living,The Emory,"251 Carl Stern Dr, Hutto, Texas 78634",512-877-4713
RPM Living,Hermosa Village Apartments,"11680 Hero Way West, Leander, Texas 78641",512-877-3211
RPM Living,Two Rivers,"105 N. Austin Ave, Georgetown, Texas 78626",512-768-4130
RPM Living,Elevate Apartments,"2111 N. Austin Ave, Georgetown, Texas 78626",512-877-7573
RPM Living,Landmark at Barton Creek,"1781 Spyglass Dr, Austin, Texas 78746",512-357-3914
RPM Living,Madison at Westinghouse,"600 Westinghouse Rd, Georgetown, Texas 78626",(737) 345-4076
RPM Living,The Summit Brownstones,"201 Wolf Ranch Pkwy, Georgetown, Texas 78628",737-510-2469
RPM Living,The Summit Lofts,"201 Wolf Ranch Pkwy, Georgetown, Texas 78628",737-510-2472
RPM Living,The Copeland,"2511 W. Braker Lane, Austin, Texas 78758",737-265-4116
RPM Living,Saddle Creek Apartments,"10801 Old Manchaca Road, Austin, Texas 78748",737-252-4645
RPM Living,The Cove at Saddle Creek,"10601 Manchaca Road, Austin, Texas 78748",737-265-4652
RPM Living,South Congress Square,"500 South Congress Avenue, Austin, Texas 78704",737-232-4278
RPM Living,The Lowell at Mueller,"1200 Broadmoor Drive, Austin, Texas 78723",512-883-7929
RPM Living,Avendale at The Colony,"798 Sam Houston Drive, Bastrop, Texas 78602",512-572-9011
RPM Living,LaRue on Highland,"500 East Highland Mall Blvd, Austin, Texas 78752",512-881-7723
RPM Living,The Bricks on 13th,"2416 South 13th Street, Temple, Texas 76504",254-280-4087
RPM Living,The Retreat,"601 Twin Oaks Drive, Temple, Texas 76504",(254) 974-8725
RPM Living,Medina Highlands,"212 W Highland Mall Blvd, Austin, Texas 78752",(512) 881-9709
RPM Living,Creekside Vue Apartments,"2120 Stephens Place, New Braunfels, Texas 78130",830-215-4384
RPM Living,Cotton Crossing,"705 Village Way, New Braunfels, Texas 78130",(830) 331-5821
RPM Living,La Sierra Apartments,"520 FM 306, New Braunfels, Texas 78130",(830) 215-8832
RPM Living,Blanco River Lodge,"1650 River Road, San Marcos, Texas 78666",737-727-4169
RPM Living,Silverado Apartments,"1480 Cabelas Drive, Buda , Texas 78610",(512) 858-8856
RPM Living,Brookside,"3604 South W S Young Drive, Killeen, Texas 76542",(254) 278-2833
RPM Living,Bridgemoor at Killeen,"2710 Cunningham Road, Killeen, Texas 76542",254-278-2419
RPM Living,WILDFLOWER VILLAS,"5227 W. Adams Avenue, Temple, Texas 76502",(254) 277-1854
RPM Living,Independence Place Killeen,"5016 Watercrest Road, Killeen, Texas 76549",(254) 274-0456
RPM Living,PECAN POINTE,"463 Westfield Blvd., Temple, Texas 71118",(254) 294-2713
RPM Living,The Creek,"1525 East Palm Valley Blvd., Round Rock, Texas 78664",512-957-3221
RPM Living,Creekstone,"8054 Exchange Drive, Austin, Texas 78754",(512) 881-8302
RPM Living,Abbey Haus,"19365 Wilke Lane, Pflugerville, Texas 78660",512-456-8774
RPM Living,Cypress Edge,"1565 North Business IH 35, New Braunfels, Texas 78130",830-532-5738
RPM Living,The Grandon,"1611 Grandon Drive, Killeen, Texas 76541",254-826-8015
RPM Living,Sage Hill Apartment Homes,"7227 East Highway 290, Austin, Texas 78723",512-991-5832
RPM Living,Veranda,"7205 E Ben White Blvd, Austin, Texas 78744",512-641-3410
RPM Living,Brook Meadow Village,"10300 Golden Meadow Drive, Austin, Texas 78758",512-812-8047
RPM Living,Villas at Mueller,"6103 Manor Road, Austin, Texas 78723",512-861-0952
RPM Living,Park at Crestview,"8220 Research Blvd, Austin, Texas 78758",(512) 454-9841
RPM Living,The Lakes at Renaissance Park,"14000 Renaissance Court, Austin, Texas 78728",512-856-9657
RPM Living,Citizen House Blue Bluff,"10346 Blue Bluff Road, Austin, Texas 78724",737-234-9093
RPM Living,Copperline at Village Oaks,"9811 Copper Creek Dr, Austin, Texas 78729",737-201-8960
RPM Living,Arco Pilare,"2514 Bell Gin Road, Georgetown, Texas 78626",(737) 373-3630
RPM Living,Mueller Place,"5800 Wellington Drive, Austin, Texas 78723",(512) 373-3173
RPM Living,Mission James Place,"4009 Victory Drive, Austin, Texas 78704",512-877-7270
RPM Living,Bluestem at Loyola,"8101 Loyola Lane, Austin, Texas 78724",512-262-4162
RPM Living,The Bowie,"311 Bowie Street , Austin, Texas 78703",512-400-3749
RPM Living,Alloy Apartments,"10400 Research Blvd, Austin, Texas 78759",512-359-9668
RPM Living,Bishop Momo,"4341 South Congress, Austin, Texas  78745",512-768-9370
RPM Living,Sotol Riverside,"2800 Collins Creek Drive, Austin, Texas 78741",737-257-4368
RPM Living,The Emma Browning,"3219 Manor Road, Austin, Texas 78723",512-982-6137
RPM Living,The Sondery,"1700 Willow Creek Drive, Austin, Texas 78741",512-488-6021
RPM Living,Tides at Mueller,"5700 Cameron Rd, Austin, Texas 78723",737-373-3440
RPM Living,Rise 510,"510 Sunset Vista, Georgetown, Texas 78628",512-729-5030
RPM Living,Shelby Ranch,"2210 Lynnbrook Drive, Austin, Texas 78748",737-302-5995
RPM Living,Progress @ Tech Ridge,"1601 Scottsdale Lane, Austin, Texas 78754",737-510-4892
RPM Living,The District at SoCo,"501 E Oltorf St, Austin, Texas 78704",254-663-3612
RPM Living,The Goodwin,"3706 Goodwin St., Austin, Texas 78721",7377582628
RPM Living,The Laramie at Indian Trail,"329 Indian Trail, Harker Heights, Texas 76548",(254) 277-2959
RPM Living,The Laramie at Warriors Path,"329 Indian Trail, Harker Heights , Texas 76548",254-536-3800
RPM Living,ATX Tower,"321 W 6th St, Austin, Texas 78701",512-675-5902
RPM Living,Barstow Lincoln Oaks,"11700 Metric Boulevard, Austin, Texas 78758",512-300-0716
RPM Living,The Merle on Howard,"2500 East Howard Lane, , Manor, Texas 78653",8333802523
RPM Living,Junewood,"1431 Firecracker Dr, Buda, Texas 78610",737-347-0389
RPM Living,Strata,"8340 Bluff Springs Rd, Austin, Texas 78744",(737) 387-5936
RPM Living,Lookout,"13059 Four Star Blvd, Austin, Texas 78737",(737) 371-9387
RPM Living,Maple Ranch,"2608 Palmera Ridge Blvd, Leander, Texas 78641",(512) 333-1478
RPM Living,Lakeside at La Frontera,"941 Hesters Crossing Road, Round Rock, Texas 78681",737-727-3841
RPM Living,Enclave at La Frontera,"2800 La Frontera Blvd, Round Rock, Texas 78681",737-325-3964
RPM Living,Legends Lake Creek,"10015 Lake Creek Pkwy, Austin, Texas 78729",737-299-8345
RPM Living,Citizen House Decker,"5301 Decker Ln, Austin , Texas 78724",737-374-8870
RPM Living,415 Colorado,"415 Colorado St, Austin, Texas 78701",(737) 284-2205
RPM Living,Mayfair Lofts,"100 West Cleveland Street, Spartanburg, South Carolina 29301",864-362-9379
RPM Living,Prosper Spartanburg,"151 Fernwood Drive, Spartanburg, South Carolina 29307",864-392-8670
RPM Living,Hampton Courts,"501 Pelham Drive, Columbia, South Carolina 29209",839-216-7621
RPM Living,The Flats at Arrowood,"8508 Lodge South Circle, Charlotte, North Carolina 28217",(704) 523-6471
RPM Living,Waterford Creek,"10510 Waterford Creek Lane, Charlotte, North Carolina 28212",(704) 397-3086
RPM Living,The Woodlands,"6401 Woodbend Drive, Charlotte, North Carolina 28212",(704) 535-0098
RPM Living,The Reserve at Campbell's Creek,"5616 Farm Pond Lane, Charlotte, North Carolina 28212",(980) 209-9998
RPM Living,Trailside NoDa,"1030 Stitch Bend Way, Charlotte, North Carolina 28206",(704) 270-6479
RPM Living,Ivy Hollow,"4920 Tanager Park Drive, Charlotte, North Carolina 28269",(704) 598-9393
RPM Living,Mallard Green,"9800 Mary Alexander Road, Charlotte, North Carolina 28262",(704) 900-6620
RPM Living,The Commons at University Square,"9201 Glenwater Drive, Charlotte, North Carolina 28262",(980) 498-6007
RPM Living,The Paces South End,"255 W. Bland St., Charlotte, North Carolina 28203",704-859-2805
RPM Living,Hilltop House,"241 Cherry Street, Winston Salem, North Carolina 27101",336-439-3651
RPM Living,Signall Hill,"138 Signal Hill Drive, Statesville, North Carolina 28625",704-228-4065
RPM Living,Crossdale Flats,"2105 Bogarde Street, Durham, North Carolina 27705",(984)-299-9734
RPM Living,Destination at Union,"1272 Union Road, Gastonia, North Carolina 28054",980-409-5297
RPM Living,Hadley Crossing,"4300 Hucks Rd, Charlotte, North Carolina 28269",980-360-5912
RPM Living,The Ridge at North Pointe,"5025 Huntly Ridge Street, Charlottesville, Virginia 22911",434-337-5203
RPM Living,The Ridge at North Pointe,"5025 Huntly Ridge Street, Charlottesville, Virginia 22911",(434) 201-8313
RPM Living,Element at Veridian,"2200 Progress Parkway, Schaumburg, Illinois 60173",847-558-7650
RPM Living,Lakeview Residences,"1037 Howell Place, Aurora, Illinois 60505",630-912-0213
RPM Living,The 450,"450 Woodmoor Drive, Lombard, Illinois 60148",331-244-2283
RPM Living,The Residences at Sawmill Station,"6701 Dempster St, Morton Grove, Illinois 60053",(224)-549-2464
RPM Living,Villages at Canterfield,"50 Canterfield Pkwy W, West Dundee, Illinois 60018",(847) 243-6176
RPM Living,The Residences at Amberley Woods,"1850 Amberley Ct, Lake Forest, Illinois 60045",847-750-3562
RPM Living,Springhill,"280 Spring Hill Dr, Roselle, Illinois 60172",(847) 321-7733
RPM Living,Old Orchard Residences,"10104 Old Orchard Ct., Skokie, Illinois 60076",847-750-5974
RPM Living,Savanna Ridge,"18400 W IL Route 120, Grayslake, Illinois 60030",847-957-9801
RPM Living,Waters Edge,"5657 Northwest Highway/US 14, Crystal Lake, Illinois 60014",779-256-4327
RPM Living,The Residences at Payton Place,"3401 W Payton Place, Arlington Heights, Illinois 60005",224-344-2995
RPM Living,The 250 Residences,"250 McHenry Road, Buffalo Grove, Illinois 60089",708-809-3995
RPM Living,Upshore Chapter,"4555 North Sheridan Road, Chicago, Illinois 60640",(872) 304-7413
RPM Living,Rewind at Crest,"6715 Century Crest Point, Colorado Springs, Colorado 80920",(719) 298-9490
RPM Living,The Baldwin,"9246 Grand Cordera Pky, Colorado Springs, Colorado 80924",(719) 938-0441
RPM Living,The Drake,"1301 E Mockingbird Lane, Midland, Texas 79705",432-220-3018
RPM Living,Vercanta at Burleson,"285 SE John Jones Dr, Burleson, Texas 76028",817-904-4218
RPM Living,Austin Bluff,"7070 W Camp Wisdom Road, Dallas, Texas 75236",972-694-6781
RPM Living,The Depot,"555 Elm St, Fort Worth, Texas 76102",817-646-6510
RPM Living,LTD West Commerce,"305 W Commerce St, Dallas, Texas 75208",469-833-2307
RPM Living,Mission Ranch,"901 US Highway 80 East, Mesquite, Texas 75150",972-573-4597
RPM Living,Magnolia Station,"1607 Lyte Street, Dallas, Texas 75201",(214) 880-7557
RPM Living,One Oak Grove,"3411 Oak Grove Ave., Dallas, Texas 75204",469-423-8230
RPM Living,27TwentySeven,"2727 Kings Road, Dallas, Texas 75219",469-264-8167
RPM Living,Riverside Villas,"3741 Post Oak Blvd, Euless, Texas 76040",817-663-0606
RPM Living,Sovereign Hometown,"6021 Parker Blvd, North Richland Hills, Texas 76180",817-398-3368
RPM Living,801 LasCo,"801 Lake Carolyn Pkwy, Irving, Texas 75039",469-297-9903
RPM Living,The Ridge on Spring Valley,"5704 Spring Valley Rd, Dallas, Texas 75254",972-784-8848
RPM Living,Junction Crossing,"10001 North Fwy, Fort Worth, Texas 76177",817-591-0270
RPM Living,1900 Elm,"1900 Elm Street, Dallas, Texas 75201",469-296-5786
RPM Living,Bottle House on Main,"650 South Main St, Fort Worth, Texas 76104",817-839-2152
RPM Living,Cambridge Court,"8135 Calmont Avenue, Fort Worth, Texas 76116",(817) 696-8080
RPM Living,Candletree,"7425 South Hulen Street, Fort Worth, Texas 76133",817-697-0838
RPM Living,Carlyle Crossing,"6300 Vega Drive, Fort Worth, Texas 76133",817-646-1042
RPM Living,Casa de Esperanza,"3804 Tanacross Drive, Fort Worth, Texas 76137",817-838-3500\'
RPM Living,Heather Lane,"100 Heather Lane, Terrell, Texas 75160",214-307-9030
RPM Living,Hebron Trails,"1109 East Hebron Pkwy, Carrollton, Texas 75010",214-307-9089
RPM Living,Hometowne at Matador Ranch,"8500 Crowley Road, Fort Worth, Texas 76134",817-618-7366
RPM Living,Hunter Plaza,"605 West 1st Street, Fort Worth, Texas 76102",682-327-0821
RPM Living,Knights of Pythias Lofts,"303 Crump Street, Fort Worth, Texas 76102",817-968-7093
RPM Living,Notre Dame Court,"801 S. Madison Ave. (II), Dallas, Texas 75208",(214) 942-8000
RPM Living,Overton Park,"5501 Overton Ridge Blvd, Fort Worth, Texas 76132",(817) 784-7410\'
RPM Living,Pavilion at Samuels Place,"1120 Samuels Ave., Fort Worth, Texas 76102",817-203-2102
RPM Living,Residence At The Oaks,"2740 Duncanville Road, Dallas, Texas 75211",(972) 972-9311
RPM Living,Silverton Village,"3700 East Hwy 85, Ennis, Texas 75119",214-272-2648
RPM Living,The Henderson,"1000 Henderson St, Fort Worth, Texas 76102",817-383-9185
RPM Living,Tiffany Square,"101 Tiffany Circle, Terrell, Texas 75160",972-499-6957
RPM Living,Villa Santa Maria,"1830 Bennett Avenue, Dallas, Texas 75206",(469) 281-9433
RPM Living,Morada Plano,"1009 14th St, Plano, Texas 75074",972-914-3743
RPM Living,Infinity on the Point,"8997 Vantage Point Drive, Dallas, Texas 75243",(469) 809-4968
RPM Living,Carlisle on the Katy Trail,"3140 North Hall Street, Dallas, Texas 75204",469-515-7530
RPM Living,Wellington Place,"230 South MacArthur Blvd, Coppell, Texas 75019",972-645-2850
RPM Living,Westlake Village,"1057 Cascade St, Mesquite, Texas 75149",972-945-7129
RPM Living,Steeplechase Apartments,"7301 Alma Dr, Plano, Texas 75025",972-914-1880
RPM Living,Windsong,"17717 Vail St, Dallas, Texas 75287",(945) 245-2980
RPM Living,Vidorra Knox District,"4700 McKinney Avenue, Dallas, Texas 75205",469-529-6547
RPM Living,Creekside South,"3400 McMillen Drive, Wylie, Texas 75098",469-649-8068
RPM Living,Infinity on the Oaks,"9236 Church Road, Dallas, Texas 75231",469-772-6934
RPM Living,Grayson Ridge,"6901 NE Loop 820, North Richland Hills, Texas 76180",(817) 498-2338
RPM Living,Varia at Highland Village,"120 Main Street Ste 110, Highland Village, Texas 75077",972-694-1585
RPM Living,Langdon at Spring Creek,"6501 Independence Parkway, Plano, Texas 75023",972-842-0797
RPM Living,The Q's at Towne Oaks,"2501 N Eastman, Longview, Texas 75605",903-618-2380
RPM Living,Rowlett Station,"3601 Melcer Drive, Rowlett, Texas 75088",469-824-3637
RPM Living,The Bridges on Kinsey,"4411 Kinsey Drive, Tyler, Texas 75703",903-730-6452
RPM Living,Brazos Crossing,"800 Channel Drive, Granbury, Texas 76048",(817) 961-9857
RPM Living,Saddle Brook,"1400 H G Mosley Parkway, Longview, Texas 71118",(903) 415-6691
RPM Living,Haven Lake Highlands,"7077 Watercrest Parkway, Dallas, Texas 75231",(214) 612-6145
RPM Living,Residence at Gateway Village,"3415 Southbend Dr., Denison, Texas 75020",(903) 415-6439
RPM Living,Magnolia on Eastman,"1507 N Eastman Rd, Longview, Texas 75601",903-638-2085
RPM Living,Finley Apartment Homes,"5621 Old Bullard Rd, Tyler, Texas 75703",903-481-8995
RPM Living,The Stella,"8222 Calmont Avenue, Fort Worth, Texas 76116",(817) 290-4157
RPM Living,Tides at Midtown,"5383 Southern Blvd, Dallas, Texas 75240",972-807-8619
RPM Living,Skye at Love,"3535 Webb Chapel Ext, Dallas, Texas 75220",972-627-4216
RPM Living,SKYE Isle,"3353 Lombardy Lane, Dallas, Texas 75220",972-784-8543
RPM Living,Chimney Hill,"9637 Forest Lane, Dallas, Texas 75243",972-779-9215
RPM Living,Ninety-Nine44 on Walnut,"9944 Walnut St, Dallas, Texas 75243",469-966-1717
RPM Living,Parks at Walnut,"10000 Walnut St, Dallas, Texas 75243",972-891-3026
RPM Living,The Langford,"200 West Commerce Street, Dallas, Texas 75208",(945) 203-4692
RPM Living,Skyline Trinity,"1900 North Beckley Ave, Dallas, Texas 75208",469-824-9263
RPM Living,The Riley,"3551 Wilshire Way, Richardson, Texas 75082",972-472-2436
RPM Living,The Travis,"900 Gordon Heights Lane, Frisco, Texas 75033",469-599-2608
RPM Living,Mustang Station,"2500 Pepperwood St, Farmers Branch, Texas 75234",469-765-3989
RPM Living,The Rose on Sybil,"1909 Sybil Lane, Tyler, Texas 75703",(903) 827-3079
RPM Living,Parmore Fossil Creek,"5401 Fossil Creek Blvd, Haltom City, Texas 76137",817-406-2620
RPM Living,Willow & Wise,"218 W Broadway, Fort Worth, Texas 76104",817-672-9574
RPM Living,The Audrey,"3361 Harmon Rd, Mansfield, Texas 76063",682-253-8889
RPM Living,Northwood Heights,"15665 El Estado Dr, Dallas, Texas 75248",972-737-5851
RPM Living,Tiburon,"15411 Preston Rd, Dallas, Texas 75248",(972) 325-7495
RPM Living,The Montgomery at Watters Creek,"1280 Montgomery Blvd., Allen, Texas 75013",469-966-2635
RPM Living,The Abigail Apartments,"821 South Polk Street, Desoto, Texas 75115",972-402-6420
RPM Living,The Alona,"1531 Duncanville Road, Dallas, Texas 75211",469-966-2376
RPM Living,The Abbott,"4599 West Davis Street, Dallas, Texas 75211",929-470-2557
RPM Living,The Ventura,"2601 Furrs Street, Arlington, Texas 76006",817-587-1224
RPM Living,The Elise,"1720 John West Road, Dallas, Texas 75228",972-636-4508
RPM Living,The Abram,"608 Rowlett Road, Garland, Texas 750043",972-544-5463
RPM Living,Wyndham on the Creek,"9633 West Ferris Branch Blvd, Dallas, Texas 75243",972-945-1438
RPM Living,Riverwalk Apartments,"12920 Audelia Road, Dallas, Texas 75243",972-449-4372
RPM Living,The Adriane,"2000 Country Club Drive, Wylie, Texas 75098",972-402-6531
RPM Living,"The Edison -  Dallas, TX","9959 Adleta Blvd, Dallas, Texas 75243",469-972-6108
RPM Living,The Emerson,"9900 Adleta Blvd, Dallas, Texas 75243",469-716-5704
RPM Living,The Everly,"9350 Skillman Street, Dallas, Texas 75243",945-206-2259
RPM Living,Innova Apartments,"2781 North Carroll Avenue, Dallas, Texas 75204",469-529-7443
RPM Living,The Jerry,"600 East Arkansas Ln, Arlington, Texas 76014",817-242-9775
RPM Living,Tides at Eastchase,"8900 Randol Mill Rd, Fort Worth, Texas 76120",817-406-3468
RPM Living,The Jones,"2109 Lincoln Drive, Arlington, Texas 76011",817-646-8605
RPM Living,Tides at North Arlington,"707 Washington Drive, Arlington, Texas 76011",682-936-1498
RPM Living,Eden Park at Bear Creek,"700 E Ash Lane, Euless, Texas 76039",817-813-6311
RPM Living,Tides at Plano,"2501 Ohio Dr, Plano, Texas 75093",469-966-1305
RPM Living,The Skylark on Harwood,"8359 Harwood Road, North Richland Hills, Texas 76180",817-398-5116
RPM Living,Tides on Larga,"3330 Webb Chapel Ext, Dallas, Texas 75220",945-345-5841
RPM Living,Tides on Park Lane,"8780 Park Lane, Dallas, Texas 75231",469-457-2802
RPM Living,Tides at Royal Lane South,"9450 Royal Lane, Dallas, Texas 75243",469-373-8843
RPM Living,Tides at Royal Lane North,"9505 Royal Lane, Dallas, Texas 75243",469-884-7935
RPM Living,Tides on Timberglen,"3550 Timberglen Rd, Dallas, Texas 75287",469-864-6995
RPM Living,Tides at Park43,"4343 Rosemeade Pkwy, Dallas, Texas 75287",469-966-1252
RPM Living,Villas on Rosemeade West,"3750 Rosemeade Pkwy, Dallas, Texas 75287",(469) 966-1455
RPM Living,Villas on Rosemeade East,"4141 Rosemeade Pkwy, Dallas, Texas 75287",
RPM Living,Tides at Lake Village,"4358 Point Blvd, Garland, Texas 75043",972-360-9462
RPM Living,The James at Canyon Creek,"850 Greenside Drive, Richardson, Texas 75080",469-746-4011
RPM Living,Gateway East at the Arts District,"910 Texas Street, Dallas, Texas 75204",254-330-3516
RPM Living,Tides on Esperanza,"13450 Esperanza Road, Dallas, Texas 75240",469-945-6856
RPM Living,FarmHouse121,"3320 Sam Rayburn Hwy., Melissa, Texas 75454",469-275-4549
RPM Living,Shiloh Park Townhomes,"3500 East Park Blvd, Plano, Texas 75074",(972) 424-0216
RPM Living,Sunray Community,"2129 East Arapaho Road, Richardson, Texas 75081",972-235-8838
RPM Living,Aventine at Kessler Park,"2522 Fort Worth Ave, Dallas, Texas 75211",(817) 646-8620
RPM Living,The Wren Mercer Crossing,"11900 Commerce Street, Farmers Branch, Texas 75234",469-936-8812
RPM Living,Neurock of Westchester,"620 West Westchester Pkwy, Grand Prairie, Texas 75052",972-848-3352
RPM Living,Rancho Mirage,"1200 Hidden Ridge, Irving, Texas 75038",972-518-1288
RPM Living,The Heights Apartments,"1901 NE Green Oaks Blvd, Arlington, Texas 76006",817-783-0350
RPM Living,Notre Dame Place,"801 S. Madison Ave., Dallas, Texas 75208",(214) 942-8000
RPM Living,LYV Broadway,"1415 South Broadway Street, Carrollton, Texas 75006",469-515-8421
RPM Living,The Royalton at Chapel Creek,"753 Academy Blvd, Fort Worth, Texas 76108",817-755-5819
RPM Living,Dane Park Grapevine,"2701 North Grapevine Mills Blvd N, Grapevine, Texas 76051",817-618-7543
RPM Living,Jefferson Verdant,"5649 Bois D' Arc Road, McKinney, Texas 75071",469-472-5176
RPM Living,Halcyon Castle Hills,"4900 Windhaven Pkwy, Lewisville, Texas 75056",469-402-0772
RPM Living,Sheridan Park at Spring Creek,"2001 East Spring Creek Pkwy, Plano, Texas 75074",972-633-8800
RPM Living,Meadow Green,"3001 East Avenue K, Grand Prairie, Texas 75050",972-647-8725
RPM Living,4110 Fairmount,"4110 Fairmount Street, Dallas, Texas 75219",469-489-5267
RPM Living,Waterview Crossing,"1220 South Powell Parkway, Anna, Texas 75409",469-225-2591
RPM Living,TwentyFive25,"2525 Players Court, Dallas, Texas 75287",469-972-0078
RPM Living,BX5 Collection,"9669 Forest Lane, Dallas, Texas 75243",(469) 727-6226
RPM Living,Broadstone Sora,"3324 McKinney Avenue, Dallas, Texas 75204",469-314-8776
RPM Living,10X Integra Shores,"100 Integra Shores Dr, Daytona Beach, Florida 32117",386-465-2260
RPM Living,10X Ormond Beach,"600 Crowne Commerce Ct, Ormond Beach, Florida 32174",386-968-1318
RPM Living,Roosevelt Park,"600 Longs Peak Ave, Longmont, Colorado 80501",720-743-6884
RPM Living,Greenbelt Apartments,"10404 East 29th Dr, Denver, Colorado 80238",(720) 807-3086
RPM Living,The Village on Cypress,"8960 Cypress Dr, Thornton, Colorado 80229",720-903-3567
RPM Living,Hangar 61 @ Pena Station,"18025 East 61st Avenue, Denver, Colorado 80249",719-356-4951
RPM Living,Hangar 61 @ Peña Station,"18025 East 61st Avenue, Denver, Colorado 80249",(719) 224-9746
RPM Living,Westlake Place,"825 W Lake Street, South Lyon, Michigan 48178",248-453-6410
RPM Living,The Kensley,"873 Westbury Blvd, Howell, Michigan 48843",(517) 914-1841
RPM Living,Hull,"1424 Haslett Road, Apt #212, East Lansing, Michigan 48823",984-305-2385
RPM Living,10X Naples,"2602 Fountain View Cir, Naples, Florida 34109",(850) 972-2254
RPM Living,10X Addison Place,"8633 Addison Place Cir, Naples, Florida 34119",239-747-1090
RPM Living,10X Iona Lakes,"15000 Iona Lakes Dr, Fort Myers, Florida 33908",239-351-1431
RPM Living,Novo Gateway | Apartments and Townhomes,"11205 Colonial Gateway Drive, Fort Myers, Florida 33905",239-758-9824
RPM Living,The Edison,"5015 Mina Circle, Fort Myers, Florida 33905",(239) 977-5881
RPM Living,The Boardwalk,"4637 Deleon St, Fort Myers, Florida 33907",(239) 341-5290
RPM Living,10x at the Forum,"3100 Champion Ring Road, Fort Myers, Florida 33905",239-363-6051
RPM Living,Trivium at Edgewater,"200 Water Street, Webster, Texas 77598",346-263-0805
RPM Living,Everwood,"444 E Medical Center Blvd, Webster, Texas 77598",281-549-8813
RPM Living,Whispering Winds,"2902 Whispering Winds Dr, Pearland, Texas 77581",346-263-0257
RPM Living,Oakbridge,"1710 Old Alvin Rd, Pearland, Texas 77581",(832) 430-7367
RPM Living,Stella at Shadow Creek Ranch,"11900 Shadow Creek Parkway, Pearland, Texas 77584",832-432-7852
RPM Living,Echelon on 99,"19400 W Bellfort Street, Richmond, Texas 77407",281-767-2327
RPM Living,The Broadmoor,"10215 Beechnut Street, Houston, Texas 77072",281-559-7210
RPM Living,Folio West Houston,"2525 Citywest Blvd, Houston, Texas 77042",281-595-9347
RPM Living,The Grand at La Centerra,"2727 Commercial Center Boulevard, Katy, Texas 77494",832-662-3894
RPM Living,10X Woodway Square,"1200 Winrock Blvd, Houston, Texas 77057",281-984-6171
RPM Living,The Bennett Baytown,"2200 W Baker Rd, Baytown, Texas 77521",281-559-6066
RPM Living,10X 15th Street Flats,"1414 N. Shepherd Dr., Houston, Texas 77008",281-984-6354
RPM Living,Timbergrove Station,"2717 Minimax Dr, Houston, Texas 77008",281-559-7094
RPM Living,Heights 2121,"2121 Tannehill Dr, Houston, Texas 77008",281-918-7852
RPM Living,The Commons at Hollyhock,"5751 Greenhouse Rd, Katy, Texas 77449",281-559-6718
RPM Living,Woodglen Village,"11111 W. Montgomery Rd, Houston, Texas 77088",281-559-6557
RPM Living,Winward at Telge Crossing,"12807 Telge Rd, Cypress, Texas 77429",832-551-1310
RPM Living,Cashel Springs,"14222 Wunderlich Dr., Houston, Texas 77069",346-258-5806
RPM Living,Rise Spring Cypress,"7315 Spring Cypress Road, Spring, Texas 77379",832-210-2082
RPM Living,The Mitchell at Woodmill Creek,"25120 Panther Bend Court, The Woodlands, Texas 77380",832-702-3079
RPM Living,The Mill Apartments,"780 Sawdust Rd, Spring, Texas 77380",(832) 861-0802
RPM Living,The Brodie at Cinco Ranch,"5303 S. Mason Rd, Katy, Texas 77450",281-853-8479
RPM Living,Arc at the Grid,"11101 West Airport Blvd, Stafford, Texas 77477",346-220-1088
RPM Living,1879 at the Grid,"11107 West Airport Blvd, Stafford, Texas 77477",281-843-3193
RPM Living,Estates at Hollister,"7740 W. Little York Rd, Houston, Texas 77040",281-336-9467
RPM Living,The Dawson,"13411 Briar Forest Dr., Houston, Texas 77077",281-559-7166
RPM Living,10X Heights Waterworks,"515 W. 20th Street, Houston, Texas 77008",832-906-7257
RPM Living,Royal Sienna,"5222 Avalon PT, Missouri City, Texas 77459",832-536-7602
RPM Living,Royal Spring,"4910 Spring Cypress Rd, Spring, Texas 77379",832-430-1999
RPM Living,The Ranch at Champions,"6830 Champions Plaza Drive, Houston, Texas 77069",832-610-2395
RPM Living,Echo Baytown,"1600 Santavy St., Baytown, Texas 77521",832-734-8973
RPM Living,The Sarah at Lake Houston,"17571 West Lake Houston Pkwy, Humble, Texas 77346",(346) 345-2630
RPM Living,Ashford,"1200 North Dairy Ashford Road, Houston, Texas 77079",832-632-7198
RPM Living,San Paloma,"1255 Eldridge Pkwy, Houston, Texas 77077",346- 553-0176
RPM Living,Villas at West Road,"9500 West Rd, Houston, Texas 77064",(281) 807-6900
RPM Living,The Remy on the Trails,"10421 Deerwood Rd., Houston, Texas 77042",(832) 345-5792
RPM Living,Broadstone Memorial Park,"7655 Washington Avenue, Houston, Texas 77007",(832) 786-2594
RPM Living,The Carlton,"3805 West Alabama Street, Houston, Texas 77027",281-801-8098
RPM Living,Midtown on the Rail,"2310 Main Street, Houston, Texas 77002",281-377-1333
RPM Living,Grand Reserve,"22101 Grand Corner Drive, Katy, Texas 77494",832-780-3718
RPM Living,Woodridge at Grand Central Park,"300 Town Park Drive, Conroe, Texas 77304",936-227-4342
RPM Living,Ashton on West Dallas,"1616 West Dallas Street, Houston, Texas 77019",346-449-5088
RPM Living,The Westover at West Branch,"5550 Dancy Road, Houston, Texas 77041",832-965-0181
RPM Living,The Park at Tivoli,"12903 Sugar Ride Blvd, Stafford, Texas 77477",(281) 568-9700
RPM Living,The Park at San Marino,"14501 Empanada Dr, Houston, Texas 77083",(281) 568-1368
RPM Living,Siena on Westheimer,"6263 Westheimer Rd, Houston, Texas 77057",713-903-7453
RPM Living,The Park at Pisa,"2410 South Kirkwood Rd, Houston, Texas 77077",(281) 496-0232
RPM Living,The Park at Saronno,"10580 Hammerly Blvd, Houston, Texas 77043",713-352-7191
RPM Living,The Park at Salerno,"12801 Champion Forest Dr, Houston, Texas 77066",(281) 444-8211
RPM Living,299 West Gray,"299 West Gray St, Houston, Texas 77019",(713) 903-2152
RPM Living,Tessa at Katy,"150 Cobia Dr, Katy, Texas 77494",832-838-9413
RPM Living,The Crawford at Grand Morton,"23223 First Park Dr, Katy, Texas 77449",(111) 111-1111
RPM Living,Grove East,"9300 North Sam Houston Pkwy East, Humble, Texas 77396",281-688-1926
RPM Living,The Retreat at Stafford,"12700 Stafford Road, Stafford, Texas 77477",281-784-3463
RPM Living,Mille Miglia,"2200 Plantation Dr, Conroe, Texas 77303",936-312-3365
RPM Living,Midtown One80,"180 West Gray Street, Houston, Texas 77019",(281) 784-3213
RPM Living,Costa Mesa,"14150 Tomball Pkwy, Houston, Texas 77086",(281) 607-2146
RPM Living,Sedona Square,"11715 South Glen Drive, Houston, Texas 77099",832-551-3821
RPM Living,The Athena,"10101 Forum Park Drive, Houston, Texas 77036",832-734-8477
RPM Living,Urban Palms Apartment Homes,"8701 Town Park Drive, Houston, Texas 77036",346-476-4289
RPM Living,The Verano,"2800 South Dairy Ashford Road, Houston, Texas 77082",832-662-2375
RPM Living,Rock Creek at Hollow Tree,"200 Hollow Tree Lane, Houston, Texas 77090",832-281-7250
RPM Living,Lakecrest,"1944 Katy Fort Bend Road, Katy, Texas 77493",346-788-1561
RPM Living,The Bryx at Kingwood,"300 Forest Center Drive, Houston, Texas 77339",346-488-0565
RPM Living,Elle at the Medical Center,"8181 El Mundo Street, Houston, Texas 77054",(832) 430-2362
RPM Living,Vie at the Medical Center,"8300 El Mundo Street, Houston, Texas 77054",832-479-1372
RPM Living,Plaza at the Medical Center,"2700 Holly Hall, Houston, Texas 77054",832-346-8544
RPM Living,Resia Ten Oaks,"18036 Park Row Blvd, Houston, Texas 77084",346-483-3633
RPM Living,Villas at Huffmeister,"15050 Copper Grove Blvd, Houston, Texas 77095",346-291-2570
RPM Living,Rowan on the Trails,"10505 Deerwood Rd, Houston, Texas 77042",346-517-7254
RPM Living,The Reserve at Baybrook,"19302 Glenwest Drive, Friendswood, Texas 77546",346-781-4220
RPM Living,Broadstone Post Oak,"3100 Post Oak Blvd, Houston, Texas 77056",(936) 312-3577
RPM Living,The Everson,"2603 North Fry Road, Katy, Texas 77449",346-443-5775
RPM Living,The Anderson at River Oaks,"2724 Kipling Street, Houston, Texas 77098",346-553-0541
RPM Living,The Chelsea at Bellevue,"11000 Crescent Moon, Houston, Texas 77064",346-489-5743
RPM Living,The Veridian at Bellevue,"695 Pineloch Drive, Webster, Texas 77598",346-550-8250
RPM Living,The Fairway at Bellevue,"1111 Golfview Drive, Richmond, Texas 77469",346-512-2948
RPM Living,The Oak at Katy Park,"24720 Morton Ranch Road, Katy, Texas 77493",(346) 590-2365
RPM Living,Bellevue at Pecan Grove,"2400 Old South Drive, Richmond, Texas 77406",(346) 512-3724
RPM Living,Bellevue Riviera,"555 Normandy, Houston, Texas 77015",(346) 550-8602
RPM Living,Parkland at West Oaks,"2600 Westhollow Drive, Houston, Texas 77082",(281) 293-7272
RPM Living,Enclave at Woodland Lakes,"300 Enclave Drive, Conroe, Texas 77384",936-777-8800
RPM Living,Bellevue at Clear Creek,"17231 Blackhawk Blvd, Friendswood, Texas 77546",346-550-9255
RPM Living,Bellevue at Clear Creek,"17231 Blackhawk Blvd, Friendswood, Texas 77546",(346) 489-7548
RPM Living,Metropole,"3616 Richmond Avenue, Houston, Texas 77046",(713) 622-2787
RPM Living,Sommerall Station,"6777 Sommerall Drive, Houston, Texas 77084",(346) 537-2626
RPM Living,Town Center Lofts,"7204 Town Center Blvd, Rosenberg, Texas 77471",(346) 680-3818
RPM Living,The Dominion,"15596 Interstate 45 South, Conroe, Texas 77384",936-279-3593
RPM Living,Kingsley at Shadow Creek Ranch,"12900 Shadow Creek Pkwy, Pearland, Texas 77584",346-676-5832
RPM Living,LightHaven at District West,"22005 Ferguson Meadow Lane, Richmond, Texas 77407",346-615-6181
RPM Living,The Hangar on Emerson Apartments,"1140 Emerson Pointe Dr, Greenwood, Indiana 46143",463-583-3188
RPM Living,Skye Ridge,"4855 Vegas Valley Drive, Las Vegas, Nevada 89121",725-900-8278
RPM Living,Tides on Duneville,"5050 S Duneville Street, Las Vegas, Nevada 89118",(702) 364-1236
RPM Living,Tides at Walnut Park,"3985 E Cheyenne Ave, Las Vegas, Nevada 89115",469-812-8237
RPM Living,Tides on Mountain Vista,"3950 Mountain Vista Street, Las Vegas, Nevada 89121",(725) 208-8978
RPM Living,Tides on Cambridge,"3675 Cambridge Street, Las Vegas, Nevada 89169",(725) 215-8722
RPM Living,Tides at North Paradise,"3600 S University Center Drive, Las Vegas, Nevada 89169",(702) 9033876
RPM Living,Tides at East Summerlin,"6250 Hargrove Ave, Las Vegas, Nevada 89107",(725) 217-5255
RPM Living,Dolce by the Lakes,"2750 South Durango Drive, Las Vegas, Nevada 89117",(725) 224-5962
RPM Living,Playa Vista,"3700 East Bonanza Road, Las Vegas, Nevada 89110",(725) 527-7451
RPM Living,The Quinn,"5500 S Mountain Vista St., Las Vegas, Nevada 89120",702-434-2222
RPM Living,Landing 36,"2555 N Rancho Dr, Las Vegas, Nevada 89130",725-999-6379
RPM Living,Summit on Nellis,"3050 South Nellis Blvd, Las Vegas, Nevada 89121",(725) 302-3748
RPM Living,Elysian at Centennial Hills,"8360 Montecito Pointe Drive, Las Vegas, Nevada 89149",725-234-2620
RPM Living,Elysian at Centennial Hills,"8360 Montecito Pointe Drive, Las Vegas, Nevada 89149",(725) 239-8411
RPM Living,Eastpark Apartments,"5601 Fraser Circle, Madison, Wisconsin  53718",608-465-4759
RPM Living,The Aviary at Middleton Market,"7628 Lisa Lane, Middleton, Wisconsin 53526",608-597-0405
RPM Living,Cordova Creek,"7965 Humphreys Hill Dr, Cordova, Tennessee 38016",901-499-3054
RPM Living,The Monarch on Highland,"274 South Highland Street, Memphis, Tennessee 38111",(901) 646-6466
RPM Living,Front & Main,"60 S Main Street, Memphis, Tennessee 38103",901-403-7100
RPM Living,Idlewild 45,"45 South Idlewild Street, Memphis, Tennessee 38104",(731) 251-4315
RPM Living,Kimbrough Towers,"172 Kimbrough Place, Memphis, Tennessee 38104",(901) 716-8983
RPM Living,266 Lofts,"266 South Front Street, Memphis, Tennessee 38103",(901) 609-1667
RPM Living,266 Lofts,"266 South Front Street, Memphis, Tennessee 38103",(901) 572-7210
RPM Living,10X Fort Lauderdale,"1919 SE 10th Ave, Fort Lauderdale, Florida 33316",754-714-5704
RPM Living,10X Port Royale,"3101 Port Royale Blvd, Fort Lauderdale, Florida 33308",(954) 758-5926
RPM Living,10X Riverwalk (4 West Las Olas),"4 West Las Olas Blvd, Fort Lauderdale, Florida 33301",954-928-9604
RPM Living,10X Las Olas Walk,"106 S Federal Highway, Fort Lauderdale, Florida 33301",954-245-0185
RPM Living,10X Miami River Apartments,"1001 NW 7th St., Miami, Florida 33136",786-876-8494
RPM Living,Filling Station Lofts,"1657 North Miami Ave, Miami, Florida 33136",(305) 449-9376
RPM Living,Wynwood Bay,"2500 Biscayne Blvd, Miami, Florida 33137",(786) 977-8559
RPM Living,Germania Apartments,"135 W Wells Street, Milwaukee, Wisconsin 53203",414-262-6344
RPM Living,Revel,"1300 W Lake Street, Minneapolis, Minnesota 55408",612-778-3791
RPM Living,Wyngate Townhomes,"1148 McAndrews Rd E, Burnsville, Minnesota 55337",(952) 892-1500
RPM Living,Southwind Village Apartments,"15025 Greenhaven Drive, Burnsville, Minnesota 53306",952-592-1267
RPM Living,Willows at Grande Dunes,"7075 Cuddy Lane, Myrtle Beach, South Carolina 29572",(854) 444-7066
RPM Living,Arya North Nashville,"541 Great Circle Rd., Nashville, Tennessee 37228",615-640-4397
RPM Living,Landmark at Wynton Pointe,"1000 Enclave Circle, Nashville, Tennessee 37211",615-392-4634
RPM Living,Residences at Woodbine Park,"311 Carter Street, Nashville, Tennessee 37210",(615) 488-4210
RPM Living,Priest Lake,"3555 Bell Road, Nashville, Tennessee 37214",615-237-7696
RPM Living,1818 Church,"1818 Church Street, Nashville, Tennessee 37203",(615) 697-4017
RPM Living,The Reeve,"405 40th Ave N, Nashville, Tennessee 37209",(629) 276-7015
RPM Living,The Farm at Golston Hill,"2550 Pillow Drive, Columbia, Tennessee 38401",931-869-7898
RPM Living,12 South Magnolia,"3401 Granny White Pike, Nashville, Tennessee 37204",(629) 356-5504
RPM Living,The Sylvan,"5400 Burgess Avenue, Nashville, Tennessee 37209",(423) 540-1447
RPM Living,The Chartwell at Marathon Village,"801 12th Avenue N, Nashville, Tennessee 37203",(615) 485-4375
RPM Living,Manning Place,"607 Lenore St., Nashville, Tennessee 37206",615-819-4578
RPM Living,Red Oak Flats,"700 Dew St., Nashville, Tennessee 37206",629-260-3125
RPM Living,Mosley on 6th,"802 South 6th St., Nashville, Tennessee 37206",629-260-3373
RPM Living,Randee Rogers,"1419 Rosa L Parks Blvd., Nashville, Tennessee 37208",629-302-2660
RPM Living,Heritage Place,"700 Westminster Drive, Franklin, Tennessee 37067",629-213-4173
RPM Living,300 Hickory,"300 Hickory Hollow Place, Antioch, Tennessee 37013",629-289-2820
RPM Living,Bellevue West,"100 Ridgelake Pkwy, Nashville, Tennessee 32709",629-219-4352
RPM Living,Highlands at The Lake,"100 Arbor Lake Blvd, Hermitage, Tennessee 37076",629-210-0133
RPM Living,Samara,"550 Great Circle Rd, Nashville, Tennessee 37228",629-229-6121
RPM Living,Stonehenge,"2645 Highway 109 N, Lebanon, Tennessee 37090",615-257-9824
RPM Living,The Green at Northpark,"2021 Sullivan Lane, Covington, Louisiana 70433",(985) 401-8173
RPM Living,141 Lofts,"141 DeSiard St, Monroe, Louisiana 71201",318-410-0141
RPM Living,Magnolia Park,"4000 Rose Ave, Chalmette, Louisiana 70043",(504) 682-7222
RPM Living,Marquis,"2651 Poydras St, New Orleans, Louisiana 70119",(504) 822-4379
RPM Living,Palmetto Greens,"900 Emerald Forest Blvd, Covington, Louisiana 70433",(985) 867-5220
RPM Living,Parc Place,"8120 W Judge Perez Dr, Chalmette, Louisiana 70043",(504) 682-7004
RPM Living,Riverview,"8149 W Saint Bernard Hwy, Chalmette, Louisiana 70043",504-682-7006
RPM Living,Wood Crest,"7900 Patricia St, Chalmette, Louisiana 70043",504-682-4400
RPM Living,ANDYS,"1510 Webster Street, Oakland, California 94612",510-913-9216
RPM Living,ANDYS at 1510 Webster Street,"1510 Webster Street, Oakland, California 94612",(510) 973-4498
RPM Living,Brent Village,"1409 Buck Dr, Bellevue, Nebraska 68005",402-685-3008
RPM Living,Bellevue Hills,"11829 Amerado Blvd, Bellevue, Nebraska 68123",402-538-8173
RPM Living,The Abacus,"19050 Jackson Court, Elkhorn, Nebraska 68022",(402) 685-8812
RPM Living,10X Murano,"9932 Grande Lakes Blvd, Orlando, Florida 32837",407-584-3121
RPM Living,Twelve Oaks at Windermere,"6025 Oakshadow St, Orlando, Florida 32835",(321) 321-1734
RPM Living,Skye at Conway,"3149 Landtree Place, Orlando, Florida 32812",407-890-0221
RPM Living,Vida at Health Village,"2680 North Orange, Orlando, Florida 32804",(321) 459-6787
RPM Living,10X Panama City Beach,"7150 W Highway 98, Panama City Beach, Florida 32407",706-510-3400
RPM Living,10X Breakfast Point,"9700 Panama City Beach Parkway, Panama City Beach, Florida 32407",410-220-2630
RPM Living,10X Retreat at PCB,"90 Sandal Ln, Panama City Beach, Florida 32413",(850) 230-0074
RPM Living,Palm Vista,"322 South Burkett Drive, Panama City, Florida 32404",850-660-7462
RPM Living,Celia,"4722 East Bell Rd, Phoenix, Arizona 85032",470-946-6340
RPM Living,Nightingale on 25th,"15620 North 25th Ave, Phoenix, Arizona 85023",623-303-8111
RPM Living,Bungalows at Camelback,"4747 N 99th Ave, Phoenix, Arizona 85037",(623) 294-2207
RPM Living,Terrasol,"1010 N 48th Street, Phoenix, Arizona 85008",(623) 624-9852
RPM Living,Luna Villa,"3333 W Dunlap Ave, Phoenix, Arizona 85051",(623) 887-0321
RPM Living,Tides on West Dunlap,"4221 W Dunlap, Phoenix, Arizona 85051",(623) 267-9864
RPM Living,Tides on East Cactus,"2645 E Cactus Road, Phoenix, Arizona 85032",(623) 462-3108
RPM Living,Tides on Cave Creek,"12810 N Cave Creek Road, Phoenix, Arizona 85022",(602) 493-0996
RPM Living,Tides on Osborn,"1502 E Osborn Road, Phoenix, Arizona 85014",(623) 462-1327
RPM Living,Elara at Paradise Valley,"15202 N 40th Street, Phoenix, Arizona 85032",(623) 304-5870
RPM Living,Arcadia Cove,"2252 North 44th St, Phoenix, Arizona 85008",(623) 267-9561
RPM Living,Aerie Happy Valley,"1717 West Happy Valley Road, Phoenix, Arizona 85085",623) 624-8994
RPM Living,Stone View on Central,"8350 South Central Avenue, Phoenix, Arizona 85042",(623) 343-0427
RPM Living,Stone View on Dobbins,"11 East Dobbins, Phoenix, Arizona 85042",(623) 343-3176
RPM Living,Stone View on 7th,"828 E Apollo Rd, Phoenix, Arizona 85042",(623) 292-3913
RPM Living,Ember at North Phoenix,"17425 N 19th Ave, Phoenix, Arizona 85023",(623) 267-9301
RPM Living,Bungalows on Sarival,"16755 N. Sarival Ave., Surprise, Arizona 85374",(623) 304-3532
RPM Living,Tides on 27th,"6131 N 27th Ave, Phoenix, Arizona 85017",(623) 281-3347
RPM Living,The Bergen,"4240 East Camelback Rd, Phoenix, Arizona 85018",602-671-4068
RPM Living,The Herrera,"811 N 1st St., Phoenix, Arizona 85004",623-286-3438
RPM Living,The Pointe at South Mountain,"811 N 1st St., Phoenix, Arizona 85044",(602) 438-0057
RPM Living,Montreux,"5550 East Deer Valley Drive, Phoenix, Arizona 85054",520-502-6035
RPM Living,Mariposa Flats,"4235 North 35th Avenue, Phoenix, Arizona 85017",623-887-7118
RPM Living,10X Harbour Breeze,"1201 SE Palm Beach Road, Stuart, Florida 34994",(772) 362-3467
RPM Living,10X Port St. Lucie,"1500 SE Tiffany Club Pl, Port Saint Lucie, Florida 34952",772-302-2881
RPM Living,10X Harbour Palms,"1811 SE Walton Lakes Dr, Port Saint Lucie, Florida 34952",772-444-8180
RPM Living,10X Harbour Bay,"100 Larch Cir NE, Palm Bay, Florida 32905",321-730-3371
RPM Living,10X Harbour Cay and Harbour Cay South,"1213 SE Glenwood Dr, Stuart, Florida 34994",(772) 362-3348
RPM Living,10X Harbour Pines,"1810 SE Pinewood Trl, Port Saint Lucie, Florida 34952",(772) 238-7996
RPM Living,Stonehenge,"7303 Hihenge Court, Raleigh, North Carolina 27615",(252) 397-3695
RPM Living,Legacy Six Forks,"6317 Shanda Drive, Raleigh, North Carolina 27609",(919) 926-0139
RPM Living,Blackwolf Run at Hedingham,"2101 Blackwolf Run Lane, Raleigh, North Carolina 27604",(984) 230-9058
RPM Living,Peppertree Va,"221 Peppertree Lane, Winchester, Virginia 22601",540-779-1906
RPM Living,805 West Lofts,"805 W Cary St, Richmond, Virginia 23220",804-494-5592
RPM Living,The Ridge at North Pointe,"5025 Huntly Ridge Street, Charlottesville, Virginia 22911",434-337-5203
RPM Living,Clearfield Apartment Homes,"100 Clearfield Cir, Colonial Heights, Virginia 23834",804-597-9951
RPM Living,Pinetree Apartment Homes,"3100 Pinetree Dr, Petersburg, Virginia 23803",804-600-4374
RPM Living,Enclave at Tiber Station,"2825 Tiber Drive, Sacramento, California 95826",(916) 818-0620
RPM Living,Greenleaf,"5224 East 12th Street, Kansas City, Missouri 64127",(816) 231-2276
RPM Living,Cadillac Lofts,"317 Lexington Ave, San Antonio, Texas 78215",210-972-5522
RPM Living,The Beverly,"123 Brackenridge Ave, San Antonio, Texas 78209",726-600-7614
RPM Living,The Finley,"5650 Grissom Rd, San Antonio, Texas 78238",210-864-6473
RPM Living,Legends at Kitty Hawk,"7461 Kitty Hawk Road, Converse, Texas 78109",210-972-7982
RPM Living,The Lila at Oakgate,"3500 Oakgate Drive, San Antonio, Texas 78230",210-934-4226
RPM Living,Providence Estates,"6298 Lockhill Rd, San Antonio, Texas 78240",(210) 806-7445
RPM Living,Park Greene Townhomes,"13031 Park Crossing, San Antonio, Texas 78217",210-934-0729
RPM Living,The Palmera on 3009,"501 FM 3009, Schertz, Texas 78154",(210) 864-9208
RPM Living,The Estates at Canyon Ridge,"20614 Stone Oak Parkway, San Antonio, Texas 78258",210-972-3039
RPM Living,The Vista,"10514 Bandera Rd, San Antonio , Texas 78250",210-934-1457
RPM Living,Abacus Alamo Ranch,"11788 Culebra Rd, San Antonio, Texas 78253",210-405-9624
RPM Living,Lofts on Main,"1445 North Main Avenue, San Antonio, Texas 78212",726-227-5290
RPM Living,Atlantica at Alamo,"5415 Alamo Pkwy, San Antonio, Texas 78253",(726) 227-5137
RPM Living,Hutchins Palms,"535 W Hutchins Place, San Antonio, Texas 78221",726-227-6834
RPM Living,Darby Square,"811 Darby Blvd, San Antonio, Texas 78207",726-239-4396
RPM Living,Diamond Ridge,"5235 Glen Ridge Dr, San Antonio, Texas 78229",726-201-5682
RPM Living,Abode,"7600 Callaghan Rd, San Antonio, Texas 78228",726-207-9352
RPM Living,Pecan Springs,"5511 Pecan Springs Road, San Antonio, Texas 78249",726-237-7900
RPM Living,The Floodgate,"143 E Commerce Street, San Antonio, Texas 78205",254-892-4730
RPM Living,The Heritage,"7828 Pat Booker Rd, Live Oak, Texas 78233",(210) 890-4577
RPM Living,The Haven at Westover Hills,"9914 West Military Drive, San Antonio, Texas 78251",(210) 680-1711
RPM Living,Durrington Ridge,"21915 North US Highway 281, San Antonio, Texas 78258",(210) 757-3900
RPM Living,NOVA,"14200 Vance Jackson Rd , San Antonio, Texas  78249",726-239-5458
RPM Living,Cypress Cove,"6100 NW Loop 410, San Antonio, Texas  78238",726-227-4979
RPM Living,Springfield Manor Apartments,"4827 Explorer St, Kirby, Texas 78219",726-207-9605
RPM Living,Babcock North,"11800 Spring Shadow St, San Antonio, Texas 78729",726-204-8211
RPM Living,Woodland Ridge,"7026 Wurzbach Rd, San Antonio, Texas 78240",726-227-4998
RPM Living,Meadows at Bentley Drive,"8004 Bentley Dr, San Antonio, Texas 78218",726-227-4270
RPM Living,Castleridge,"8021 Military Dr W, San Antonio, Texas 78227",726-213-6772
RPM Living,Thompson Place,"1727 Thompson Pl, San Antonio, Texas 78226",726-227-0212
RPM Living,Western Hills,"500 Tomar Dr, San Antonio, Texas 78227",726-227-2122
RPM Living,Calcasieu,"214 Broadway St, San Antonio, Texas 78205",726-216-6879
RPM Living,Museum Reach Lofts,"1500 N. St. Mary’s, San Antonio, Texas 78215",726-227-5887
RPM Living,Current,"1551 Union Street, San Diego, California 92101",(619) 3199590
RPM Living,Radian,"675 9th Avenue, San Diego, California 92101",(619) 7623302
RPM Living,800 Broadway,"800 Broadway, San Diego, California 92101",(619) 374-6225
RPM Living,10X Trellis,"15 Brasseler Blvd, Savannah, Georgia 31419",(912) 214-3762
RPM Living,Olmsted Savannah,"601 Indian Street, Savannah, Georgia 31401",(912) 913-9530
RPM Living,Maeva Modern Apartments,"3000 Grand Cypress Dr, Lutz, Florida 33559",(656) 600-9860
RPM Living,Hanley Place,"7315 West Hanna Ave, Tampa, Florida 33634",813-680-3765
RPM Living,Vista Palms,"1701 E 131st Ave, Tampa, Florida 33612",(813) 978-3802
RPM Living,Vista North,"2200 Cedar Trace Circle, Tampa, Florida 33613",(813) 798-4657
RPM Living,Westshore Flats,"5009 South Westshore Blvd, Tampa, Florida 33611",(813) 723-3720
RPM Living,Sur Club,"3301 32nd Avenue South, St. Petersburg, Florida 33712",727-607-6270
