company_name,building_name,raw_address
RPM Living,Trend Design District,"531 Inspiration Dr Dallas, TX"
RPM Living,The Heights at Park Lane,"8066 Park Lane Dallas, TX"
RPM Living,Silverado,"8400 Stonebrook Pkwy Frisco, Texas"
RPM Living,McDermott Place,"8900 Independence Pkwy Plano, TX"
RPM Living,Legends at Legacy,"3700 Legacy Drive Frisco, TX"
RPM Living,Alders Prosper (55+),"2151 Prairie Drive Prosper, TX"
RPM Living,Waterford RiNo,"2797 Wewatta Way Denver, Colorado"
RPM Living,Terracina,"13620 Via Varra Road Broomfield, CO"
RPM Living,Parkside at Littleton Village,"300 E. Fremont Place Littleton, CO"
RPM Living,Bridgwater Apartments‎,"6401 S Boston St Greenwood Village, CO"
RPM Living,Woodbend,"7040 Archilbald Alta Loma, CA"
RPM Living,Villas at the Gardens,"7828 Day Creek Blvd Rancho Cucamonga, CA"
RPM Living,The Summit,"27431 San Bernardino Avenue Redlands, CA"
RPM Living,The Paseos At Magnolia,"11520 Magnolia Ave Riverside, CA"
RPM Living,The Monterey,"2225 Collett Avenue Corona, CA"
RPM Living,The Hawthorne,"9170 Indiana Ave. Riverside, CA"
RPM Living,The Grove Apartment Homes,"1110 E Philadelphia St Ontario, CA"
RPM Living,Sonoma At Mapleton,"33600 Mapleton Ave Murrieta, CA"
RPM Living,Rancho Monte Vista,"2100 W Arrow Route Uploand, CA"
RPM Living,North Grove,"3461 La Cadena Riverside, CA"
RPM Living,Missions At Chino Hills,"3100 Chino Hills Pkwy Chino Hills, CA"
RPM Living,Main+Nine,"3870 Main St Riverside, CA"
RPM Living,La Verne Village,"2855 Foothill Blvd La Verne, CA"
RPM Living,Imperial Hardware Lofts,"3750 Main St Riverside, CA"
RPM Living,FountainGlen Terra Vista (55+),"7980 Mayten Ave Rancho Cucamonga, CA"
RPM Living,FountainGlen Temecula (55+),"27250 Nicolas Rd Temecula, CA"
RPM Living,FountainGlen Grand Isle (55+),"24405 Village Walk Pl Murrieta, CA"
RPM Living,College Park,"250 North College Park Dr Upland, CA"
RPM Living,Capriana at Chino Hills,"16301 Butterfield Ranch Rd. Chino Hills, CA"
RPM Living,Camino Real,"7951 Etiwanda Ave Rancho Cucamonga, CA"
RPM Living,Barrington Place,"7950 Etiwanda Ave Rancho Cucamonga, CA"
RPM Living,Arrow Vista Village,"2398 W Arrow Route Upland, CA"
RPM Living,Sunstone Place,"3845 Polk Street Riverside, CA"
RPM Living,Vestra at UnCommons,"8475 Michael Cherry Ave Las Vegas, NV 89113, NV"
RPM Living,Miro at the Parc,"1651 American Pacific Dr Henderson, NV"
RPM Living,Elysian at Skye Canyon,"8888 N. Grand Canyon Dr. Las Vegas, NV"
RPM Living,Alicante,"4370 South Grand Canyon Dr Las Vegas, NV"
RPM Living,Avalon At Seven Hills,"2900 Sunridge Heights Pkwy Henderson, NV"
RPM Living,Bahay,"330 N Westlake Ave Los Angeles, CA"
RPM Living,California Villages Pico Rivera,"9050 Carron Drive Pico Rivera, CA"
RPM Living,California Villages Valley Village,"5331 Corteen Pl Valley Village, CA"
RPM Living,California Villages West Covina,"2847 E Valley Blvd West Covina, CA"
RPM Living,City Lights on Fig,"1300 S Figueroa St Los Angeles, CA"
RPM Living,Domain,"7141 Santa Monica Blvd West Hollywood, CA"
RPM Living,Emerald,"215 W. 14th St. Los Angeles, CA"
RPM Living,FountainGlen Pasadena (55+),"775 E Union St Pasadena, CA"
RPM Living,FountainGlen Stevenson Ranch (55+),"25536 Fountain Glen Stevenson Ranch, CA"
RPM Living,FountainGlen Valencia (55+),"23941 Decoro Dr Valencia, CA"
RPM Living,Los Alamitos,"3342 W Cerritos Ave Los Alamitos, CA"
RPM Living,Nola 624,"624 S. Glendora Ave West Covina, CA"
RPM Living,Onyx,"424 West Pico Boulevard Los Angeles, CA"
RPM Living,Paladia,"7225 Crescent Park W Los Angeles, CA"
RPM Living,Provence at Valencia,"28160 McBean Parkway Valencia, CA"
RPM Living,Sunset Vine Tower,"1480 Vine St Los Angeles, CA"
RPM Living,The Knolls,"2544 Vista Wood Cir Thousand Oaks, CA"
RPM Living,The Preston Miracle Mile,"630 Masselin Ave Los Angeles, CA"
RPM Living,The Verandas,"200 N. Grand Ave. West Covina, CA"
RPM Living,Topaz,"550 S Main St Los Angeles, CA"
RPM Living,Tribeca Urban,"4108 Del Rey Ave Marina Del Rey, CA"
RPM Living,Vestalia,"515 W Broadway Glendale, CA"
RPM Living,Westlake Canyon,"2338 Fountain Crest Thousand Oaks, CA"
RPM Living,Ridgecrest Apartment Homes,"21486 Lake Forest Dr Lake Forest, CA"
RPM Living,Pointe Niguel Apartment Homes,"29781 Niguel Rd Laguna Niguel, CA"
RPM Living,Harbor Pointe,"32762 Pointe Sutton Dana Point, CA"
RPM Living,FountainGlen Seacliff (55+),"7181 Garden Glen Ct Huntington Beach, CA"
RPM Living,FountainGlen Rancho Santa Margarita (55+),"30751 El Corazon Rancho Santa Margarita, CA"
RPM Living,FountainGlen Laguna Niguel (55+),"25501 Camino Los Padres Laguna Niguel, CA"
RPM Living,FountainGlen Goldenwest (55+),"13920 Hoover Street Westminister, CA"
RPM Living,Aliso Creek Apartment Homes,"24152 Hollyoak Aliso Viejo, CA"
RPM Living,Remington at Ladera Ranch (55+),"25501 Crown Valley Pkwy Ladera Ranch, CA"
RPM Living,FountainGlen Jacaranda (55+),"1900 Camino Loma Avenue Fullerton, CA"
RPM Living,Vaseo,"16220 N. 7th St Phoenix, AZ"
RPM Living,The Winfield of Scottsdale,"8021 E Osborn Rd. Scottsdale, AZ"
RPM Living,The Village at West Point,"16682 North West-Point Pkwy Surprise, AZ"
RPM Living,Salado Springs Apartments,"242 S Beck Ave Tempe, AZ"
RPM Living,Monument Apartments,"2300 W Pecos Rd Chandler, AZ"
RPM Living,Monaco at McCormick Ranch,"8250 East Vía Paseo Del Norte Scottsdale, AZ"
RPM Living,Level at Sixteenth,"1550 E Campbell Ave Phoenix, AZ"
RPM Living,Dobson 2222,"2222 S. Dobson Rd. Chandler, AZ"
RPM Living,Desert Parks Vista,"9393 E. Palo Brea Drive Scottsdale, AZ"
RPM Living,Cibola,"7333 East Chaparral Rd Scottsdale, AZ"
RPM Living,Arboretum at South Mountain,"15251 South 50th St Phoenix, AZ"
RPM Living,The Strand,"500 Douglas St West Sacramento, CA"
RPM Living,The Offset,"3610 Duckhorn Dr Sacramento, CA"
RPM Living,Tanzanite Homes,"2490 Quiet Trail Ln Sacramento, CA"
RPM Living,Cyrene at Meadowlands,"1120 C Street Lincoln, CA"
RPM Living,Capitol Yards,"777 5th St. West Sacramento, CA"
RPM Living,Adora,"512 Adora Circle Roseville, CA"
RPM Living,800 J Lofts,"800 J Street Sacramento, CA"
RPM Living,The Frederic,"609 Capitol Mall Sacramento, CA"
RPM Living,Vida North Park,"4223 Texas Street San Diego, CA"
RPM Living,Vera Cortez Hill,"1399 9th Ave San Diego, CA"
RPM Living,The Reserve at 4S Ranch,"10411 Reserve Dr San Diego, CA"
RPM Living,The Promenade at Rio Vista Apartment Homes,"2185 Station Village Way San Diego, CA"
RPM Living,Mission Trails,"6975 Golfcrest Dr San Diego, CA"
RPM Living,Instrata Little Italy,"1980 Kettner Blvd San Diego, CA"
RPM Living,Driftwood,"3956 Shasta St San Diego, CA"
RPM Living,Alta Vista,"1245 Morning View Drive Escondido, CA"
RPM Living,Venue,"1155 4th St San Francisco, CA"
RPM Living,Vendome Place,"750 Miller Street San Jose, CA"
RPM Living,The Taft,"477 South Market St. San Jose, CA"
RPM Living,The Presidio,"2000 Walnut Avenue Fremont, CA"
RPM Living,The Pierce Apartments,"2 Pierce Ave San Jose, CA"
RPM Living,The Martin,"240 S Taaffe St. Sunnyvale, CA"
RPM Living,The Flats + Flats West at Cityline,"300 W. Washington Avenue Sunnyvale, CA"
RPM Living,The Broadway,"3093 Broadway Oakland, CA"
RPM Living,The Addison,"1950 Addison St Berkeley, CA"
RPM Living,Tan Plaza Apartments,"580 Arastradero Rd Palo Alto, CA"
RPM Living,Strata at Mission Bay,"1201 4th St San Francisco, CA"
RPM Living,Stanford West,"700 Clark Way Palo Alto, CA"
RPM Living,South Beach Marina,"2 Townsend St San Francisco, CA"
RPM Living,Sharon Green,"350 Sharon Park Drive Menlo Park, CA"
RPM Living,Pescadero Apartments,"950 Redwood Shores Redwood City, CA"
RPM Living,Peartree Apartments,"330 N Mathilda Ave Sunnyvale, CA"
RPM Living,Palo Alto Place,"565 Arastradero Rd Palo Alto, CA"
RPM Living,Old Orchard Apartments,"2200 Monroe St Santa Clara, CA"
RPM Living,Oak Creek,"1600 Sand Hill Rd. Palo Alto, CA"
RPM Living,NoMa,"1910 N Main St Walnut Creek, CA"
RPM Living,Nineteen800,"19700 Vallco Pkwy Cupertino, CA"
RPM Living,Montrachet,"3200 Soscol Ave Napa, CA"
RPM Living,Middle Plaza,"400a El Camino Real Menlo Park, CA"
RPM Living,Marlin Cove Apartments,"1060 Foster City Blvd Foster City, CA"
RPM Living,MODE,"2089 Pacific Blvd San Mateo, CA"
RPM Living,Loft House,"150 S Taaffe St Sunnyvale, CA"
RPM Living,LINQ,"1700 Newbury Park Dr San Jose, CA"
RPM Living,Indian Creek Apartments,"801 Marine Pkwy Redwood City, CA"
RPM Living,GROVE,"243 Buena Vista Ave Sunnyvale, CA"
RPM Living,Etta,"1285 Sutter St San Francisco, CA"
RPM Living,Edson House,"295 29th St Oakland, CA"
RPM Living,Colonnade,"4750 El Camino Real Los Altos, CA"
RPM Living,Centro Callan,"100 Callan Street San Leandro, CA"
RPM Living,Celeste,"401 Cypress Ave South San Francisco, CA"
RPM Living,Bayswater,"920 Bayswater Ave Burlingame, CA"
RPM Living,Axis Oakland,"2820 Broadway Oakland, CA"
RPM Living,Aviara,"2388 Madden Avenue San Jose, CA"
RPM Living,Avenue Two,"1107 Second Avenue Redwood City, CA"
RPM Living,Avelle,"1170 Spruce Street MOUNTAIN VIEW, CA"
RPM Living,Artizan,"219 9th Ave Oakland, CA"
RPM Living,Aqua Via,"125 2nd Street Oakland, CA"
RPM Living,Americana Apartments,"707 Continental Cir Mountain View, CA"
RPM Living,Alwell,"85 Cleaveland Rd Pleasant Hill, CA"
RPM Living,Alice House,"1411 Alice St Oakland, CA"
RPM Living,Alexan Downtown Danville,"373 Diablo Road Danville, CA"
RPM Living,6tenEast Apartments,"610 E Weddell Dr Sunnyvale, CA"
RPM Living,19th & Harrison,"1889 Harrison St Oakland, CA"
RPM Living,17th & Broadway,"447 17th Street Oakland, CA"
RPM Living,1250 Lakeside,"1250 Lakeside Dr Sunnyvale, CA"
RPM Living,Woodlake,"11400 NE 132nd St Kirkland, WA"
RPM Living,The Charles,"8065 161st Ave NE Redmond, WA"
RPM Living,Lakemont Orchard,"18305 SE Newport Way Issaquah, WA"
RPM Living,Eastlake,"2851 Eastlake Ave E Seattle, WA"
RPM Living,Alexan Main Street,"9911 Main Street Bothell, WA"
RPM Living,Alexan Access,"2927 Alderwood Mall Blvd Lynnwood, WA"
