Title,Address,Price,Beds,Phone
"The Grand by Gehry
151 S Olive St, Los Angeles, CA 90012","151 S Olive St, Los Angeles, CA 90012",No Price,No Bed Info,No Phone
"Creekside 121
3620 Huffines Blvd, Carrollton, TX 75010","3620 Huffines Blvd, Carrollton, TX 75010",No Price,No Bed Info,No Phone
"The Laurel
635 Hibiscus St, West Palm Beach, FL 33401","635 Hibiscus St, West Palm Beach, FL 33401",No Price,No Bed Info,No Phone
"Timberlake Apartments
675 Jamestown Blvd, Altamonte Springs, FL 32714","675 Jamestown Blvd, Altamonte Springs, FL 32714",No Price,No Bed Info,No Phone
"Argyle House
1755 Argyle Ave, Los Angeles, CA 90028","1755 Argyle Ave, Los Angeles, CA 90028",No Price,No Bed Info,No Phone
"The Emerson
225 S Grand Ave, Los Angeles, CA 90012","225 S Grand Ave, Los Angeles, CA 90012",No Price,No Bed Info,No Phone
"Tompkins Terrace Apartments
194 Tompkins Ave, Beacon, NY 12508","194 Tompkins Ave, Beacon, NY 12508",No Price,No Bed Info,No Phone
"333 Holly
333 Holly Creek Ct, The Woodlands, TX 77381","333 Holly Creek Ct, The Woodlands, TX 77381",No Price,No Bed Info,No Phone
"One Bennett Park
514 N Peshtigo Ct, Chicago, IL 60611","514 N Peshtigo Ct, Chicago, IL 60611",No Price,No Bed Info,No Phone
"500 Lake Shore Drive
500 N Lake Shore Dr, Chicago, IL 60611","500 N Lake Shore Dr, Chicago, IL 60611",No Price,No Bed Info,No Phone
"Villas of Vista Ridge
351 State Highway 121 Byp, Lewisville, TX 75067","351 State Highway 121 Byp, Lewisville, TX 75067",No Price,No Bed Info,No Phone
"Dunwoody Glen
6750 Peachtree Industrial Blvd, Atlanta, GA 30360","6750 Peachtree Industrial Blvd, Atlanta, GA 30360",No Price,No Bed Info,No Phone
"Mason on Mariposa
1601 Mariposa St, San Francisco, CA 94107","1601 Mariposa St, San Francisco, CA 94107",No Price,No Bed Info,No Phone
"Fifteen Fifty
1550 Mission St, San Francisco, CA 94103","1550 Mission St, San Francisco, CA 94103",No Price,No Bed Info,No Phone
"Lake Shore Plaza
445 E Ohio St, Chicago, IL 60611","445 E Ohio St, Chicago, IL 60611",No Price,No Bed Info,No Phone
"The Row Fulton Market
164 N Peoria St, Chicago, IL 60607","164 N Peoria St, Chicago, IL 60607",No Price,No Bed Info,No Phone
"Townhomes of Coyote Ridge
4253 Hunt Dr, Carrollton, TX 75010","4253 Hunt Dr, Carrollton, TX 75010",No Price,No Bed Info,No Phone
"Townhomes of Bent Tree
17671 Addison Rd, Dallas, TX 75287","17671 Addison Rd, Dallas, TX 75287",No Price,No Bed Info,No Phone
"Avery 450
450 Folsom St, San Francisco, CA 94105","450 Folsom St, San Francisco, CA 94105",No Price,No Bed Info,No Phone
"Madison Square
2201 Rocky Lane Rd, Odessa, TX 79762","2201 Rocky Lane Rd, Odessa, TX 79762",No Price,No Bed Info,No Phone
"The Paramount
680 Mission St, San Francisco, CA 94105","680 Mission St, San Francisco, CA 94105",No Price,No Bed Info,No Phone
"Station Heights
100 Saratoga Dr, Alpharetta, GA 30022","100 Saratoga Dr, Alpharetta, GA 30022",No Price,No Bed Info,No Phone
"Heritage at Valley Ranch
9805 N MacArthur Blvd, Irving, TX 75063","9805 N MacArthur Blvd, Irving, TX 75063",No Price,No Bed Info,No Phone
"Signature Place
1907 Tarleton St, Midland, TX 79707","1907 Tarleton St, Midland, TX 79707",No Price,No Bed Info,No Phone
"Oak Glen of Edina
5515 Oak Glen Rd, Edina, MN 55439","5515 Oak Glen Rd, Edina, MN 55439",No Price,No Bed Info,No Phone
"Creekside at White Oak
10 Lakeside Way, Newnan, GA 30265","10 Lakeside Way, Newnan, GA 30265",No Price,No Bed Info,No Phone
"The Glades
651 Glades Cir, Altamonte Springs, FL 32714","651 Glades Cir, Altamonte Springs, FL 32714",No Price,No Bed Info,No Phone
"Southgate
2735 E 8th St, Odessa, TX 79761","2735 E 8th St, Odessa, TX 79761",No Price,No Bed Info,No Phone
"Brookview
3843 Penbrook St, Odessa, TX 79762","3843 Penbrook St, Odessa, TX 79762",No Price,No Bed Info,No Phone
"Northgate Terrace
550 24th St, Oakland, CA 94612","550 24th St, Oakland, CA 94612",No Price,No Bed Info,No Phone
"Plantation Towers
501 Plantation St, Worcester, MA 01605","501 Plantation St, Worcester, MA 01605",No Price,No Bed Info,No Phone
"Lion Creek Crossings
6951 Lion Way, Oakland, CA 94621","6951 Lion Way, Oakland, CA 94621",No Price,No Bed Info,No Phone
"Meridian
4400 N Holiday Hill Rd, Midland, TX 79707","4400 N Holiday Hill Rd, Midland, TX 79707",No Price,No Bed Info,No Phone
"Lathrop
2000 W Diversey Ave, Chicago, IL 60647","2000 W Diversey Ave, Chicago, IL 60647",No Price,No Bed Info,No Phone
"Shawnee Village
1300-1412 W Boulevard St, Marion, IL 62959","1300-1412 W Boulevard St, Marion, IL 62959",No Price,No Bed Info,No Phone
"Augustana Homes Glenbrook
352 Glenbrook Rd, Stamford, CT 06906","352 Glenbrook Rd, Stamford, CT 06906",No Price,No Bed Info,No Phone
"Shoreline Plaza
15 E Grant St, Minneapolis, MN 55403","15 E Grant St, Minneapolis, MN 55403",No Price,No Bed Info,No Phone
"Village at Willow Glen
465 Willow Glen Way, San Jose, CA 95125","465 Willow Glen Way, San Jose, CA 95125",No Price,No Bed Info,No Phone
"Skyview Downtown
10 Chestnut St, Springfield, MA 01103","10 Chestnut St, Springfield, MA 01103",No Price,No Bed Info,No Phone
"Southwest Village
323-338 Willie James Jones Ave, San Diego, CA 92102","323-338 Willie James Jones Ave, San Diego, CA 92102",No Price,No Bed Info,No Phone
,No Address,No Price,No Bed Info,No Phone
,No Address,No Price,No Bed Info,No Phone
,No Address,No Price,No Bed Info,No Phone
,No Address,No Price,No Bed Info,No Phone
,No Address,No Price,No Bed Info,No Phone
,No Address,No Price,No Bed Info,No Phone
,No Address,No Price,No Bed Info,No Phone
,No Address,No Price,No Bed Info,No Phone
,No Address,No Price,No Bed Info,No Phone
,No Address,No Price,No Bed Info,No Phone
,No Address,No Price,No Bed Info,No Phone
,No Address,No Price,No Bed Info,No Phone
,No Address,No Price,No Bed Info,No Phone
,No Address,No Price,No Bed Info,No Phone
,No Address,No Price,No Bed Info,No Phone
,No Address,No Price,No Bed Info,No Phone
,No Address,No Price,No Bed Info,No Phone
,No Address,No Price,No Bed Info,No Phone
"450 W 17th St, New York, NY 10011",No Address,No Price,No Bed Info,No Phone
"500 W 30th St, New York, NY 10001",No Address,No Price,No Bed Info,No Phone
"180 W 20th St, New York, NY 10011",No Address,No Price,No Bed Info,No Phone
"255 W 94th St, New York, NY 10025",No Address,No Price,No Bed Info,No Phone
"100 Arlington St, Boston, MA 02116",No Address,No Price,No Bed Info,No Phone
"1 Union Sq S, New York, NY 10003",No Address,No Price,No Bed Info,No Phone
"135 Clarendon St, Boston, MA 02116",No Address,No Price,No Bed Info,No Phone
"1214 5th Ave, New York, NY 10029",No Address,No Price,No Bed Info,No Phone
"450 W 42nd St, New York, NY 10036",No Address,No Price,No Bed Info,No Phone
"215 E 96th St, New York, NY 10128",No Address,No Price,No Bed Info,No Phone
"390 Harrison Ave, Boston, MA 02118",No Address,No Price,No Bed Info,No Phone
"28 K St SE, Washington, DC 20003",No Address,No Price,No Bed Info,No Phone
"105 Duane St, New York, NY 10007",No Address,No Price,No Bed Info,No Phone
"89 Murray St, New York, NY 10007",No Address,No Price,No Bed Info,No Phone
"400 Chambers St, New York, NY 10282",No Address,No Price,No Bed Info,No Phone
"405 Main St, New York, NY 10044",No Address,No Price,No Bed Info,No Phone
"535 W 23rd St, New York, NY 10011",No Address,No Price,No Bed Info,No Phone
"455 10th Ave, New York, NY 10018",No Address,No Price,No Bed Info,No Phone
"480 Main St, New York, NY 10044",No Address,No Price,No Bed Info,No Phone
"10 K St SE, Washington, DC 20002",No Address,No Price,No Bed Info,No Phone
