Title,Address,Price,Beds,Phone
"101 N Meridian
101 N Meridian Ave, Tampa, FL 33602","101 N Meridian Ave, Tampa, FL 33602",No Price,No Bed Info,No Phone
"2000 Post
2000 Post St, San Francisco, CA 94115","2000 Post St, San Francisco, CA 94115",No Price,No Bed Info,No Phone
"The MO
440 Penn St NE, Washington, DC 20002","440 Penn St NE, Washington, DC 20002",No Price,No Bed Info,No Phone
"Sullivan Place
5575 Vincent Gate Ter, Alexandria, VA 22312","5575 Vincent Gate Ter, Alexandria, VA 22312",No Price,No Bed Info,No Phone
"100 Pier 4
100 Pier 4 Blvd, Boston, MA 02210","100 Pier 4 Blvd, Boston, MA 02210",No Price,No Bed Info,No Phone
"HQ
1532 Harrison St, San Francisco, CA 94103","1532 Harrison St, San Francisco, CA 94103",No Price,No Bed Info,No Phone
"Delancey at Shirlington Village
4220 Campbell Ave, Arlington, VA 22206","4220 Campbell Ave, Arlington, VA 22206",No Price,No Bed Info,No Phone
"345 Harrison
345 Harrison Ave, Boston, MA 02118","345 Harrison Ave, Boston, MA 02118",No Price,No Bed Info,No Phone
"322 on North Broad
322-344 N Broad St, Philadelphia, PA 19102","322-344 N Broad St, Philadelphia, PA 19102",No Price,No Bed Info,No Phone
"The Courts at Huntington Station
5950 Grand Pavilion Way, Alexandria, VA 22303","5950 Grand Pavilion Way, Alexandria, VA 22303",No Price,No Bed Info,No Phone
"Waterside Towers
907 6th St SW, Washington, DC 20024","907 6th St SW, Washington, DC 20024",No Price,No Bed Info,No Phone
"1301 Thomas Circle
1301 M St NW, Washington, DC 20005","1301 M St NW, Washington, DC 20005",No Price,No Bed Info,No Phone
"View 14
2303 14th St NW, Washington, DC 20009","2303 14th St NW, Washington, DC 20009",No Price,No Bed Info,No Phone
"Residences at Lake Merritt
1940 Webster St, Oakland, CA 94612","1940 Webster St, Oakland, CA 94612",No Price,No Bed Info,No Phone
"Barton Creek Landing
2800 Bartons Bluff Ln, Austin, TX 78746","2800 Bartons Bluff Ln, Austin, TX 78746",No Price,No Bed Info,No Phone
"Arbors at Maitland Summit
8636 Villa Point, Orlando, FL 32810","8636 Villa Point, Orlando, FL 32810",No Price,No Bed Info,No Phone
"Channel Mission Bay
185 Channel St, San Francisco, CA 94158","185 Channel St, San Francisco, CA 94158",No Price,No Bed Info,No Phone
"Ashton at Waterford Lakes
12137 Ashton Manor Way, Orlando, FL 32828","12137 Ashton Manor Way, Orlando, FL 32828",No Price,No Bed Info,No Phone
"Andover House
1200 14th St NW, Washington, DC 20005","1200 14th St NW, Washington, DC 20005",No Price,No Bed Info,No Phone
"The Vintage Lofts at West End
801 N Rome Ave, Tampa, FL 33606","801 N Rome Ave, Tampa, FL 33606",No Price,No Bed Info,No Phone
"Capitol View on 14th
2400 14th St NW, Washington, DC 20009","2400 14th St NW, Washington, DC 20009",No Price,No Bed Info,No Phone
"Polo Park
100 Jackson Downs Blvd, Nashville, TN 37214","100 Jackson Downs Blvd, Nashville, TN 37214",No Price,No Bed Info,No Phone
"Cirrus
1590 Grove St, Denver, CO 80204","1590 Grove St, Denver, CO 80204",No Price,No Bed Info,No Phone
"Residences at the Domain
11400 Domain Dr, Austin, TX 78758","11400 Domain Dr, Austin, TX 78758",No Price,No Bed Info,No Phone
"Legacy Hill
501 Shadowood Dr, Nashville, TN 37205","501 Shadowood Dr, Nashville, TN 37205",No Price,No Bed Info,No Phone
"Domus
3411 Chestnut St, Philadelphia, PA 19104","3411 Chestnut St, Philadelphia, PA 19104",No Price,No Bed Info,No Phone
"CityLine
4740 32nd Ave S, Seattle, WA 98118","4740 32nd Ave S, Seattle, WA 98118",No Price,No Bed Info,No Phone
"388 Beale
388 Beale St, San Francisco, CA 94105","388 Beale St, San Francisco, CA 94105",No Price,No Bed Info,No Phone
"The Kennedy Building
907 NE 45th St, Seattle, WA 98105","907 NE 45th St, Seattle, WA 98105",No Price,No Bed Info,No Phone
"THIRTY377
3377 Blackburn St, Dallas, TX 75204","3377 Blackburn St, Dallas, TX 75204",No Price,No Bed Info,No Phone
"Lightbox
4545 8th Ave NE, Seattle, WA 98105","4545 8th Ave NE, Seattle, WA 98105",No Price,No Bed Info,No Phone
"Preserve at Brentwood
370 Oakley Dr, Nashville, TN 37211","370 Oakley Dr, Nashville, TN 37211",No Price,No Bed Info,No Phone
"399 Fremont
375-399 Fremont St, San Francisco, CA 94105","375-399 Fremont St, San Francisco, CA 94105",No Price,No Bed Info,No Phone
"Rodgers Forge
6809 Bellona Ave, Baltimore, MD 21212","6809 Bellona Ave, Baltimore, MD 21212",No Price,No Bed Info,No Phone
"Arbors at Lee Vista
5900 Bent Pine Dr, Orlando, FL 32822","5900 Bent Pine Dr, Orlando, FL 32822",No Price,No Bed Info,No Phone
"Edgewater
355 Berry St, San Francisco, CA 94158","355 Berry St, San Francisco, CA 94158",No Price,No Bed Info,No Phone
"Garrison Square
32-32 Garrison St, Boston, MA 02116","32-32 Garrison St, Boston, MA 02116",No Price,No Bed Info,No Phone
"Vision on Wilshire
6245 Wilshire Blvd, Los Angeles, CA 90048","6245 Wilshire Blvd, Los Angeles, CA 90048",No Price,No Bed Info,No Phone
"20 Lambourne
20 Lambourne Rd, Towson, MD 21204","20 Lambourne Rd, Towson, MD 21204",No Price,No Bed Info,No Phone
"Legacy Village Apartment Homes
7001 Parkwood Blvd, Plano, TX 75024","7001 Parkwood Blvd, Plano, TX 75024",No Price,No Bed Info,No Phone
"Fiori on Vitruvian Park®
3990 Vitruvian Way, Addison, TX 75001","3990 Vitruvian Way, Addison, TX 75001",No Price,No Bed Info,No Phone
"1200 East West
1200 E -West Hwy, Silver Spring, MD 20910","1200 E -West Hwy, Silver Spring, MD 20910",No Price,No Bed Info,No Phone
"Palo Verde
7880 US 290 Hwy W, Austin, TX 78736","7880 US 290 Hwy W, Austin, TX 78736",No Price,No Bed Info,No Phone
"Lotus Landing
595 Lotus Landing Blvd, Altamonte Springs, FL 32714","595 Lotus Landing Blvd, Altamonte Springs, FL 32714",No Price,No Bed Info,No Phone
"Estancia Villas
1200 Estancia Pky, Austin, TX 78748","1200 Estancia Pky, Austin, TX 78748",No Price,No Bed Info,No Phone
"Ridgewood
4101 Postgate Ter, Silver Spring, MD 20906","4101 Postgate Ter, Silver Spring, MD 20906",No Price,No Bed Info,No Phone
"The Preserve at Gateway
11800 Dr Martin Luther King Jr St N, Saint Petersburg, FL 33716","11800 Dr Martin Luther King Jr St N, Saint Petersburg, FL 33716",No Price,No Bed Info,No Phone
"Brio
11130 NE 10th St, Bellevue, WA 98004","11130 NE 10th St, Bellevue, WA 98004",No Price,No Bed Info,No Phone
"95 Wall
95 Wall St, New York, NY 10005","95 Wall St, New York, NY 10005",No Price,No Bed Info,No Phone
"Peridot Palms
10601 Gandy Blvd N, Saint Petersburg, FL 33702","10601 Gandy Blvd N, Saint Petersburg, FL 33702",No Price,No Bed Info,No Phone
"Milehouse
8300 160th Ave NE, Redmond, WA 98052","8300 160th Ave NE, Redmond, WA 98052",No Price,No Bed Info,No Phone
"Missions at Back Bay
1330 SE Bristol St, Costa Mesa, CA 92626","1330 SE Bristol St, Costa Mesa, CA 92626",No Price,No Bed Info,No Phone
"Summit West
11500 Summit West Blvd, Tampa, FL 33617","11500 Summit West Blvd, Tampa, FL 33617",No Price,No Bed Info,No Phone
"The Westerly on Lincoln
13603 Marina Pointe Dr, Marina Del Rey, CA 90292","13603 Marina Pointe Dr, Marina Del Rey, CA 90292",No Price,No Bed Info,No Phone
"1274 at Towson
1274 E Joppa Rd, Towson, MD 21286","1274 E Joppa Rd, Towson, MD 21286",No Price,No Bed Info,No Phone
"Eight 80 Newport Beach
880 Irvine Ave, Newport Beach, CA 92663","880 Irvine Ave, Newport Beach, CA 92663",No Price,No Bed Info,No Phone
"The Slade at Channelside
1190 E Washington St, Tampa, FL 33602","1190 E Washington St, Tampa, FL 33602",No Price,No Bed Info,No Phone
"The Residences on Jamboree
2801 Kelvin Ave, Irvine, CA 92614","2801 Kelvin Ave, Irvine, CA 92614",No Price,No Bed Info,No Phone
"Essex Luxe Apartments
8000 Essex Point Cir, Orlando, FL 32819","8000 Essex Point Cir, Orlando, FL 32819",No Price,No Bed Info,No Phone
"Los Altos at Altamonte Springs
311 Los Altos Way, Altamonte Springs, FL 32714","311 Los Altos Way, Altamonte Springs, FL 32714",No Price,No Bed Info,No Phone
"The Residences at Pacific City
21040 Pacific City Cir, Huntington Beach, CA 92648","21040 Pacific City Cir, Huntington Beach, CA 92648",No Price,No Bed Info,No Phone
"Central Square at Frisco
6235 Main St, Frisco, TX 75034","6235 Main St, Frisco, TX 75034",No Price,No Bed Info,No Phone
"Andover Place at Cross Creek
10328 Venitia Real Ave, Tampa, FL 33647","10328 Venitia Real Ave, Tampa, FL 33647",No Price,No Bed Info,No Phone
"Arbor Park of Alexandria
6340 Wingate St, Alexandria, VA 22312","6340 Wingate St, Alexandria, VA 22312",No Price,No Bed Info,No Phone
"Lakewood Place
1701 Lake Chapman Dr, Brandon, FL 33510","1701 Lake Chapman Dr, Brandon, FL 33510",No Price,No Bed Info,No Phone
"Steele Creek
3222 E 1st Ave, Denver, CO 80206","3222 E 1st Ave, Denver, CO 80206",No Price,No Bed Info,No Phone
"Domain Brewers Hill
1200 S Conkling St, Baltimore, MD 21224","1200 S Conkling St, Baltimore, MD 21224",No Price,No Bed Info,No Phone
"3033 Wilshire
3033 Wilshire Blvd, Los Angeles, CA 90010","3033 Wilshire Blvd, Los Angeles, CA 90010",No Price,No Bed Info,No Phone
"Towson Promenade
707 York Rd, Towson, MD 21204","707 York Rd, Towson, MD 21204",No Price,No Bed Info,No Phone
"Cool Springs at Frisco Bridges
3198 Parkwood Blvd, Frisco, TX 75034","3198 Parkwood Blvd, Frisco, TX 75034",No Price,No Bed Info,No Phone
"Savoye
3850 Vitruvian Way, Addison, TX 75001","3850 Vitruvian Way, Addison, TX 75001",No Price,No Bed Info,No Phone
"Newport Village
4757 W Braddock Rd, Alexandria, VA 22311","4757 W Braddock Rd, Alexandria, VA 22311",No Price,No Bed Info,No Phone
"The Canal
2061 Wittington Pl, Farmers Branch, TX 75234","2061 Wittington Pl, Farmers Branch, TX 75234",No Price,No Bed Info,No Phone
"Villas at Fiori
4030 Vitruvian Way, Addison, TX 75001","4030 Vitruvian Way, Addison, TX 75001",No Price,No Bed Info,No Phone
"Eleven55 Ripley
1155 Ripley St, Silver Spring, MD 20910","1155 Ripley St, Silver Spring, MD 20910",No Price,No Bed Info,No Phone
"Addison Apartments at the Park
3925 Vitruvian Way, Addison, TX 75001","3925 Vitruvian Way, Addison, TX 75001",No Price,No Bed Info,No Phone
"Presidential Greens
3904 Executive Ave, Alexandria, VA 22305","3904 Executive Ave, Alexandria, VA 22305",No Price,No Bed Info,No Phone
"Rosebeach
16124 Rosecrans Ave, La Mirada, CA 90638","16124 Rosecrans Ave, La Mirada, CA 90638",No Price,No Bed Info,No Phone
"Seneca Place
19228 Circle Gate Dr, Germantown, MD 20874","19228 Circle Gate Dr, Germantown, MD 20874",No Price,No Bed Info,No Phone
"14 North
1000 Crane Brook Way, Peabody, MA 01960","1000 Crane Brook Way, Peabody, MA 01960",No Price,No Bed Info,No Phone
"The Carriage Homes at Wyndham
5600 Mulholland Dr, Glen Allen, VA 23059","5600 Mulholland Dr, Glen Allen, VA 23059",No Price,No Bed Info,No Phone
"The Hawthorne Apartments
14701 Main St, Mill Creek, WA 98012","14701 Main St, Mill Creek, WA 98012",No Price,No Bed Info,No Phone
"MacAlpine Place
152 Macalpine Way, Dunedin, FL 34698","152 Macalpine Way, Dunedin, FL 34698",No Price,No Bed Info,No Phone
"Almaden Lake Village
1045 Coleman Rd, San Jose, CA 95123","1045 Coleman Rd, San Jose, CA 95123",No Price,No Bed Info,No Phone
"One Upland
8 Upland Woods Cir, Norwood, MA 02062","8 Upland Woods Cir, Norwood, MA 02062",No Price,No Bed Info,No Phone
"Park Square
751 Vandenburg Blvd, King Of Prussia, PA 19406","751 Vandenburg Blvd, King Of Prussia, PA 19406",No Price,No Bed Info,No Phone
"Elements Apartments
989 112th Ave NE, Bellevue, WA 98004","989 112th Ave NE, Bellevue, WA 98004",No Price,No Bed Info,No Phone
"Union Place
10 Independence Way, Franklin, MA 02038","10 Independence Way, Franklin, MA 02038",No Price,No Bed Info,No Phone
"The Quarters at Towson Town Center
960 Southerly Rd, Towson, MD 21204","960 Southerly Rd, Towson, MD 21204",No Price,No Bed Info,No Phone
"The Smith Valley Forge
580 S Goddard Blvd, King Of Prussia, PA 19406","580 S Goddard Blvd, King Of Prussia, PA 19406",No Price,No Bed Info,No Phone
"Signal Hill Apartment Homes
2170 Sentry Falls Way, Woodbridge, VA 22192","2170 Sentry Falls Way, Woodbridge, VA 22192",No Price,No Bed Info,No Phone
"Highlands of Marin
1001 Cresta Way, San Rafael, CA 94903","1001 Cresta Way, San Rafael, CA 94903",No Price,No Bed Info,No Phone
"The George Apartments
140 Valley Green Ln, King of Prussia, PA 19406","140 Valley Green Ln, King of Prussia, PA 19406",No Price,No Bed Info,No Phone
"Verano at Rancho Cucamonga Town Square
8200 Haven Ave, Rancho Cucamonga, CA 91730","8200 Haven Ave, Rancho Cucamonga, CA 91730",No Price,No Bed Info,No Phone
"Canterbury Apartments
20019 Sweetgum Cir, Germantown, MD 20874","20019 Sweetgum Cir, Germantown, MD 20874",No Price,No Bed Info,No Phone
"CitySouth
3055 La Selva Ln, San Mateo, CA 94403","3055 La Selva Ln, San Mateo, CA 94403",No Price,No Bed Info,No Phone
"Los Alisos at Mission Viejo
28601 Los Alisos Blvd, Mission Viejo, CA 92692","28601 Los Alisos Blvd, Mission Viejo, CA 92692",No Price,No Bed Info,No Phone
"Bradlee Danvers
50 Kirkbride Dr, Danvers, MA 01923","50 Kirkbride Dr, Danvers, MA 01923",No Price,No Bed Info,No Phone
"Lodge at Foxborough
400 Foxborough Blvd, Foxboro, MA 02035","400 Foxborough Blvd, Foxboro, MA 02035",No Price,No Bed Info,No Phone
"View 34
401 E 34th St, New York, NY 10016","401 E 34th St, New York, NY 10016",No Price,No Bed Info,No Phone
"Alafaya Woods
407 Alafaya Woods Blvd, Oviedo, FL 32765","407 Alafaya Woods Blvd, Oviedo, FL 32765",No Price,No Bed Info,No Phone
"Breckenridge
1600 Nesbitt Ln, Madison, TN 37115","1600 Nesbitt Ln, Madison, TN 37115",No Price,No Bed Info,No Phone
"Hilltop in the Highlands
500 Monroe Ave NE, Renton, WA 98056","500 Monroe Ave NE, Renton, WA 98056",No Price,No Bed Info,No Phone
"River Terrace
730-730 Agnew Rd, Santa Clara, CA 95054","730-730 Agnew Rd, Santa Clara, CA 95054",No Price,No Bed Info,No Phone
"Lodge at Ames Pond
One Ames Hill Dr, Tewksbury, MA 01876","One Ames Hill Dr, Tewksbury, MA 01876",No Price,No Bed Info,No Phone
"Lenox Farms
550 Liberty St, Braintree, MA 02184","550 Liberty St, Braintree, MA 02184",No Price,No Bed Info,No Phone
"21 Chelsea
120 W 21st St, New York, NY 10011","120 W 21st St, New York, NY 10011",No Price,No Bed Info,No Phone
"Hickory Run
1080 W Main St, Hendersonville, TN 37075","1080 W Main St, Hendersonville, TN 37075",No Price,No Bed Info,No Phone
"27 Seventy Five Mesa Verde
2775 Mesa Verde Dr E, Costa Mesa, CA 92626","2775 Mesa Verde Dr E, Costa Mesa, CA 92626",No Price,No Bed Info,No Phone
"Wellington Place at Olde Town
10303 7th Regiment Dr, Manassas, VA 20110","10303 7th Regiment Dr, Manassas, VA 20110",No Price,No Bed Info,No Phone
"Inwood West
1 Inwood Dr, Woburn, MA 01801","1 Inwood Dr, Woburn, MA 01801",No Price,No Bed Info,No Phone
"Hearthstone at Merrill Creek
1901 Merrill Creek Pky, Everett, WA 98203","1901 Merrill Creek Pky, Everett, WA 98203",No Price,No Bed Info,No Phone
"Colonnade
4100 Central Pike, Hermitage, TN 37076","4100 Central Pike, Hermitage, TN 37076",No Price,No Bed Info,No Phone
"Bay Terrace
3204 Casa De Campo Way, San Mateo, CA 94403","3204 Casa De Campo Way, San Mateo, CA 94403",No Price,No Bed Info,No Phone
"The Breyley Apartments
1820 Sunset Point Rd, Clearwater, FL 33765","1820 Sunset Point Rd, Clearwater, FL 33765",No Price,No Bed Info,No Phone
"Marina Playa
3500 Granada Ave, Santa Clara, CA 95051","3500 Granada Ave, Santa Clara, CA 95051",No Price,No Bed Info,No Phone
"Tualatin Heights
9301 SW Sagert St, Tualatin, OR 97062","9301 SW Sagert St, Tualatin, OR 97062",No Price,No Bed Info,No Phone
"Regatta Shores
2335 W Seminole Blvd, Sanford, FL 32771","2335 W Seminole Blvd, Sanford, FL 32771",No Price,No Bed Info,No Phone
"Ridge at Blue Hills
800 West St, Braintree, MA 02184","800 West St, Braintree, MA 02184",No Price,No Bed Info,No Phone
"Brookridge
249 Brookridge Trl, Nashville, TN 37211","249 Brookridge Trl, Nashville, TN 37211",No Price,No Bed Info,No Phone
"The Commons at Windsor Gardens
624 Walpole St, Norwood, MA 02062","624 Walpole St, Norwood, MA 02062",No Price,No Bed Info,No Phone
"Harbor at Mesa Verde
2700 Peterson Pl, Costa Mesa, CA 92626","2700 Peterson Pl, Costa Mesa, CA 92626",No Price,No Bed Info,No Phone
"Altamira Place Apartment Homes
700 Altamira Cir, Altamonte Springs, FL 32701","700 Altamira Cir, Altamonte Springs, FL 32701",No Price,No Bed Info,No Phone
"Beach & Ocean
19891-19895 Beach Blvd, Huntington Beach, CA 92648","19891-19895 Beach Blvd, Huntington Beach, CA 92648",No Price,No Bed Info,No Phone
"Calvert's Walk
200 Foxhall Dr, Bel Air, MD 21015","200 Foxhall Dr, Bel Air, MD 21015",No Price,No Bed Info,No Phone
"The Whitmore
4301 Columbia Pike, Arlington, VA 22204","4301 Columbia Pike, Arlington, VA 22204",No Price,No Bed Info,No Phone
"Carrington Hills
3750 Carothers Pky, Franklin, TN 37067","3750 Carothers Pky, Franklin, TN 37067",No Price,No Bed Info,No Phone
"The Residences at Bella Terra
7521 Edinger Ave, Huntington Beach, CA 92647","7521 Edinger Ave, Huntington Beach, CA 92647",No Price,No Bed Info,No Phone
"Charles River Landing
300 2nd Ave, Needham, MA 02494","300 2nd Ave, Needham, MA 02494",No Price,No Bed Info,No Phone
"TEN20
10710 NE 10th St NE, Bellevue, WA 98004","10710 NE 10th St NE, Bellevue, WA 98004",No Price,No Bed Info,No Phone
"Lakeline Villas
2201 S Lakeline Blvd, Cedar Park, TX 78613","2201 S Lakeline Blvd, Cedar Park, TX 78613",No Price,No Bed Info,No Phone
"Huntington Vista
21551 Brookhurst St, Huntington Beach, CA 92646","21551 Brookhurst St, Huntington Beach, CA 92646",No Price,No Bed Info,No Phone
"Domain College Park
3711 Campus Dr, College Park, MD 20740","3711 Campus Dr, College Park, MD 20740",No Price,No Bed Info,No Phone
"Vitruvian West
3801 Vitruvian Way, Addison, TX 75001","3801 Vitruvian Way, Addison, TX 75001",No Price,No Bed Info,No Phone
"5421 at Dublin Station
5421 Campbell Ln, Dublin, CA 94568","5421 Campbell Ln, Dublin, CA 94568",No Price,No Bed Info,No Phone
"Cambridge Woods
14138 Monterey Pines Dr, Tampa, FL 33613","14138 Monterey Pines Dr, Tampa, FL 33613",No Price,No Bed Info,No Phone
"The Flats at Palisades
2625 Empire Dr, Richardson, TX 75080","2625 Empire Dr, Richardson, TX 75080",No Price,No Bed Info,No Phone
"Currents on the Charles
36 River St, Waltham, MA 02453","36 River St, Waltham, MA 02453",No Price,No Bed Info,No Phone
"Jefferson at Marina del Rey
3221 Carter Ave, Marina Del Rey, CA 90292","3221 Carter Ave, Marina Del Rey, CA 90292",No Price,No Bed Info,No Phone
"Crown Pointe
3788 NE 4th St, Renton, WA 98056","3788 NE 4th St, Renton, WA 98056",No Price,No Bed Info,No Phone
"Strata
969-969 Market St, San Diego, CA 92101","969-969 Market St, San Diego, CA 92101",No Price,No Bed Info,No Phone
"Hunt Club
6142 Bonita Rd, Lake Oswego, OR 97035","6142 Bonita Rd, Lake Oswego, OR 97035",No Price,No Bed Info,No Phone
"Windemere at Sycamore Highlands
5925 Sycamore Canyon Blvd, Riverside, CA 92507","5925 Sycamore Canyon Blvd, Riverside, CA 92507",No Price,No Bed Info,No Phone
"10 Hanover Square
110-124 Pearl St, New York, NY 10005","110-124 Pearl St, New York, NY 10005",No Price,No Bed Info,No Phone
"Red Stone Ranch
1600 S Lakeline Blvd, Cedar Park, TX 78613","1600 S Lakeline Blvd, Cedar Park, TX 78613",No Price,No Bed Info,No Phone
"Ashton Bellevue
10710 NE 10th St, Bellevue, WA 98004","10710 NE 10th St, Bellevue, WA 98004",No Price,No Bed Info,No Phone
"Tierra del Rey
4250 Glencoe Ave, Marina Del Rey, CA 90292","4250 Glencoe Ave, Marina Del Rey, CA 90292",No Price,No Bed Info,No Phone
"Seabrook
3114 Terry Brook Dr, Winter Park, FL 32792","3114 Terry Brook Dr, Winter Park, FL 32792",No Price,No Bed Info,No Phone
"Verve
2020 W El Camino Real, Mountain View, CA 94040","2020 W El Camino Real, Mountain View, CA 94040",No Price,No Bed Info,No Phone
"Birch Creek
575 S Rengstorff Ave, Mountain View, CA 94040","575 S Rengstorff Ave, Mountain View, CA 94040",No Price,No Bed Info,No Phone
"Island Square
2758 78th Ave SE, Mercer Island, WA 98040","2758 78th Ave SE, Mercer Island, WA 98040",No Price,No Bed Info,No Phone
"Station on Silver
2340 Carta Way, Herndon, VA 20171","2340 Carta Way, Herndon, VA 20171",No Price,No Bed Info,No Phone
"The Courts at Dulles
13800 Jefferson Park Dr, Herndon, VA 20171","13800 Jefferson Park Dr, Herndon, VA 20171",No Price,No Bed Info,No Phone
"Inlet Bay at Gateway
12000 4th St N, Saint Petersburg, FL 33716","12000 4th St N, Saint Petersburg, FL 33716",No Price,No Bed Info,No Phone
"Legacy at Mayland
8800 Queensmere Pl, Richmond, VA 23294","8800 Queensmere Pl, Richmond, VA 23294",No Price,No Bed Info,No Phone
"13th & Market
1330-1350 Market St, San Diego, CA 92101","1330-1350 Market St, San Diego, CA 92101",No Price,No Bed Info,No Phone
"Gayton Pointe Townhomes
9712 Tartuffe Dr, Richmond, VA 23238","9712 Tartuffe Dr, Richmond, VA 23238",No Price,No Bed Info,No Phone
"Villaggio
Mansfield Webb Rd & E Debbie Ln, Mansfield, TX 76063","Mansfield Webb Rd & E Debbie Ln, Mansfield, TX 76063",No Price,No Bed Info,No Phone
"Dominion Lake Ridge
3216 Bluff View Ct, Woodbridge, VA 22192","3216 Bluff View Ct, Woodbridge, VA 22192",No Price,No Bed Info,No Phone
"Dominion Middle Ridge
12280 Creekview Cir, Woodbridge, VA 22192","12280 Creekview Cir, Woodbridge, VA 22192",No Price,No Bed Info,No Phone
"Seville on the Green
300 Sheoah Blvd, Winter Springs, FL 32708","300 Sheoah Blvd, Winter Springs, FL 32708",No Price,No Bed Info,No Phone
"Waterside at Ironbridge
11800 Lake Falls Dr, Chester, VA 23831","11800 Lake Falls Dr, Chester, VA 23831",No Price,No Bed Info,No Phone
"The Reserve and The Park at Riverbridge
50 Olive Tree Cir, West Palm Beach, FL 33413","50 Olive Tree Cir, West Palm Beach, FL 33413",No Price,No Bed Info,No Phone
"Pointe at Harden Ranch
2290 N Main St, Salinas, CA 93906","2290 N Main St, Salinas, CA 93906",No Price,No Bed Info,No Phone
"Pointe at Northridge
436-436 Noice Dr, Salinas, CA 93906","436-436 Noice Dr, Salinas, CA 93906",No Price,No Bed Info,No Phone
"Pointe at Westlake
60 Stephanie Dr, Salinas, CA 93901","60 Stephanie Dr, Salinas, CA 93901",No Price,No Bed Info,No Phone
"Cambridge Court
939 Heather Cir, Salinas, CA 93906","939 Heather Cir, Salinas, CA 93906",No Price,No Bed Info,No Phone
"Boronda Manor
2073 Santa Rita St, Salinas, CA 93906","2073 Santa Rita St, Salinas, CA 93906",No Price,No Bed Info,No Phone
