Title,Address,Price,Beds,Phone
"Pebblebrook Apartments
44-46 Brittany Farms Rd, New Britain, CT 06053","44-46 Brittany Farms Rd, New Britain, CT 06053",No Price,No Bed Info,No Phone
"Milford Beach Apartments
71 Joy Rd, Milford, CT 06460","71 Joy Rd, Milford, CT 06460",No Price,No Bed Info,No Phone
"Ridgefield Apartments
131 Ridgefield Dr, Middletown, CT 06457","131 Ridgefield Dr, Middletown, CT 06457",No Price,No Bed Info,No Phone
"Robert Treat Apartments
94 Robert Treat Dr, Milford, CT 06460","94 Robert Treat Dr, Milford, CT 06460",No Price,No Bed Info,No Phone
"Newport Apartments
94 Robert Treat Dr, Milford, CT 06460","94 Robert Treat Dr, Milford, CT 06460",No Price,No Bed Info,No Phone
"Montcalm Heights Apartments
185 New Ludlow Rd, Chicopee, MA 01020","185 New Ludlow Rd, Chicopee, MA 01020",No Price,No Bed Info,No Phone
"Scott Gardens Apartments
90 Stonefield Dr, Waterbury, CT 06705","90 Stonefield Dr, Waterbury, CT 06705",No Price,No Bed Info,No Phone
,No Address,No Price,No Bed Info,No Phone
,No Address,No Price,No Bed Info,No Phone
,No Address,No Price,No Bed Info,No Phone
,No Address,No Price,No Bed Info,No Phone
,No Address,No Price,No Bed Info,No Phone
,No Address,No Price,No Bed Info,No Phone
